publisher,title,url,published_myt,views,likes,comments,language,format,duration_s,in_window
The Star,Why do the Negri Sembilan polls matter | Poll Position,https://www.youtube.com/watch?v=6k5u238Jlxw,2026-07-27 12:00,0,91,0,EN,SHORT,60,True
The Star,Mohamad Hasan hopes for 70-75 per cent voter turnout in Negri Sembilan polls,https://www.youtube.com/watch?v=OtP58ywc-DM,2026-08-01 12:00,1200,13,0,EN,VIDEO,142,True
The Star,Leaders rally behind candidates on Negri Sembilan nomination day,https://www.youtube.com/watch?v=UgjrqzPP2_Q,2026-07-17 12:00,11000,55,0,EN,VIDEO,107,True
The Star,"Negri voter turnout on par with last state polls, says Loke",https://www.youtube.com/watch?v=kLlCczb-VbI,2026-07-31 12:00,23000,76,0,EN,VIDEO,75,True
The Star,Voter turnout reaches 37.29% as Negri Sembilan voters praise smooth polling,https://www.youtube.com/watch?v=oo0xhaw215A,2026-07-31 12:00,15000,73,0,EN,VIDEO,132,True
Free Malaysia Today,Laluan menuju 19 kerusi di Negeri Sembilan,https://www.youtube.com/watch?v=-aARK_NPrjo,2026-07-22 12:00,0,965,0,BM,SHORT,60,True
Free Malaysia Today,"BN’s support for PN in 11 Negeri Sembilan seats part of ‘political reality’, says Zahid",https://www.youtube.com/watch?v=0CHip-CorH4,2026-07-18 12:00,0,61,0,EN,SHORT,60,True
Free Malaysia Today,PRN N Sembilan: 7 kerusi panas jadi tumpuan,https://www.youtube.com/watch?v=14LfBgD1gy4,2026-07-29 12:00,5800,29,0,EN,VIDEO,198,True
Free Malaysia Today,BN PN tawar ‘reset’ pentadbiran Negeri Sembilan,https://www.youtube.com/watch?v=1zfX0M0yGdY,2026-07-30 12:00,0,24,0,BM,SHORT,60,True
Free Malaysia Today,"No immediate need for Loke to resign as Negeri Sembilan chief, says Chow",https://www.youtube.com/watch?v=2VsYo4rpiwM,2026-08-01 12:00,0,146,0,EN,SHORT,60,True
Free Malaysia Today,Wawasan hasrat tanding kurang 10 kerusi pada PRN N Sembilan,https://www.youtube.com/watch?v=2tSsrTLGrdI,2026-07-16 12:00,0,197,0,BM,SHORT,60,True
Free Malaysia Today,Kisah Barisan Nasional N9 | TLDR,https://www.youtube.com/watch?v=3A43RtDkNwQ,2026-07-29 12:00,0,34,0,EN,SHORT,60,True
Free Malaysia Today,Ramanan tolak ramalan PRN N Sembilan Kian Ming,https://www.youtube.com/watch?v=3FnRcRVUi8k,2026-07-28 12:00,0,79,0,EN,SHORT,60,True
Free Malaysia Today,Prestasi PH di Negeri Sembilan | TLDR,https://www.youtube.com/watch?v=3oVz_upX6Qs,2026-07-26 12:00,0,692,0,BM,SHORT,60,True
Free Malaysia Today,Bersatu umum calon PRN Negeri Sembilan,https://www.youtube.com/watch?v=6I3ph_m5WZA,2026-07-17 12:00,5600,35,0,BM,VIDEO,591,True
Free Malaysia Today,"PH won popular vote in Negeri Sembilan, says Wanita leader",https://www.youtube.com/watch?v=6Jv0YHM5w9Y,2026-08-02 12:00,0,139,0,EN,SHORT,60,True
Free Malaysia Today,"Bersatu bakal bentuk gabungan baharu selepas PRN N Sembilan, kata Muhyiddin",https://www.youtube.com/watch?v=7VJBUdIXLtE,2026-07-17 12:00,0,1300,0,BM,SHORT,60,True
Free Malaysia Today,Fresh contempt bid filed against 6 in Negeri Sembilan dispute,https://www.youtube.com/watch?v=7VX95v8a0aw,2026-07-28 12:00,0,17,0,EN,SHORT,60,True
Free Malaysia Today,BN-PN mula runding calon MB Negeri Sembilan malam ini,https://www.youtube.com/watch?v=7YIVNZq_Qgo,2026-08-01 12:00,0,135,0,BM,SHORT,60,True
Free Malaysia Today,"Bersatu nak menang bukan ‘kacau daun’ di N Sembilan, Muhyiddin bidas Khaled",https://www.youtube.com/watch?v=8_ajM9bSZFg,2026-07-22 12:00,0,1400,0,EN,SHORT,60,True
Free Malaysia Today,"Bantu jimat hingga 30%, rakyat N Sembilan terus 'kejar' Jualan Rahmah",https://www.youtube.com/watch?v=9661o_VqDJ0,2026-07-23 12:00,1400,15,0,BM,VIDEO,182,True
Free Malaysia Today,Kenapa PRN N9 diadakan awal? | TLDR,https://www.youtube.com/watch?v=9EpntcuXLMc,2026-07-21 12:00,0,9,0,EN,SHORT,60,True
Free Malaysia Today,"BN-PN performance in Negeri Sembilan to determine future alliance, says Zahid",https://www.youtube.com/watch?v=DCm2Gx52wUY,2026-07-18 12:00,0,19,0,EN,SHORT,60,True
Free Malaysia Today,"PN arah ahli, penyokong undi 25 calon BN di N Sembilan",https://www.youtube.com/watch?v=DcpINKgzzcc,2026-07-21 12:00,0,733,0,BM,SHORT,60,True
Free Malaysia Today,"Sasaran PH menang 23 kerusi N Sembilan mencabar, kata penganalisis",https://www.youtube.com/watch?v=F3goqATeu0Q,2026-07-21 12:00,0,115,0,EN,SHORT,60,True
Free Malaysia Today,Pemenang besar dan pihak yang kecundang dalam PRN N Sembilan,https://www.youtube.com/watch?v=FNqO8bckyao,2026-08-02 12:00,0,116,0,BM,SHORT,60,True
Free Malaysia Today,Negeri Sembilan polls — race that hinges on race,https://www.youtube.com/watch?v=FRwWNseBKLI,2026-07-31 12:00,0,114,0,EN,SHORT,60,True
Free Malaysia Today,"Momentum kempen BN PRN N Sembilan semakin positif, kata Ismail",https://www.youtube.com/watch?v=Fe0IVFTiA0s,2026-07-28 12:00,0,87,0,EN,SHORT,60,True
Free Malaysia Today,Liputan langsung PRN N Sembilan: 7.30 malam,https://www.youtube.com/watch?v=G9uDDkkzo8E,2026-08-01 12:00,0,136,0,EN,SHORT,60,True
Free Malaysia Today,"Bersatu hanya kacau daun, Khaled gesa pengundi N Sembilan bagi ‘KO’",https://www.youtube.com/watch?v=GvNj_KKOYlw,2026-07-19 12:00,0,180,0,EN,SHORT,60,True
Free Malaysia Today,"Liputan langsung PRN N Sembilan:  BN-PN dahului 21 kerusi, dakwa Umno",https://www.youtube.com/watch?v=HQHhF9Lo7ZA,2026-08-01 12:00,0,161,0,BM,SHORT,60,True
Free Malaysia Today,MCA Youth sec-gen told to skip Negeri Sembilan campaign,https://www.youtube.com/watch?v=HUcuGnK4RmA,2026-07-18 12:00,0,158,0,EN,SHORT,60,True
Free Malaysia Today,Jalaluddin harap peratus keluar mengundi PRN Negeri Sembilan lebih 70%,https://www.youtube.com/watch?v=IPY2Z_t0l0Q,2026-07-31 12:00,0,301,0,BM,SHORT,60,True
Free Malaysia Today,Kisah Perikatan Nasional di N9 | TLDR,https://www.youtube.com/watch?v=JeHmuz3iRCQ,2026-07-30 12:00,0,14,0,EN,SHORT,60,True
Free Malaysia Today,Rahmah sales help Negeri Sembilan folk cut grocery bills,https://www.youtube.com/watch?v=K-JZS3SEUDU,2026-07-23 12:00,0,35,0,EN,SHORT,60,True
Free Malaysia Today,"PH dah jangka strategi BN, PN hadapi PRN N Sembilan, kata Loke",https://www.youtube.com/watch?v=K7VJSzlv0zY,2026-07-16 12:00,0,357,0,EN,SHORT,60,True
Free Malaysia Today,"Tanpa PAS peluang Bersatu di N Sembilan lebih cerah, kata Sanjeevan",https://www.youtube.com/watch?v=KJOG_BHi_3c,2026-07-21 12:00,0,4,0,EN,SHORT,60,True
Free Malaysia Today,Kemenangan N Sembilan tanda kebangkitan semula politik BN selepas tewas teruk pada 2018,https://www.youtube.com/watch?v=K_RYhFxJgW4,2026-08-01 12:00,0,410,0,BM,SHORT,60,True
Free Malaysia Today,Ismail Lasim MB baharu N Sembilan,https://www.youtube.com/watch?v=KkWt77o1Jjk,2026-08-01 12:00,0,376,0,EN,SHORT,60,True
Free Malaysia Today,"Kemenangan BN-PN di N Sembilan jadi model kerjasama PRU, kata Ismail",https://www.youtube.com/watch?v=KvE8bNYvdP0,2026-07-30 12:00,0,1000,0,EN,SHORT,60,True
Free Malaysia Today,"BN-PN dijangka kuasai Negeri Sembilan, kata Kian Ming",https://www.youtube.com/watch?v=LhY1JEo5o1Y,2026-07-27 12:00,0,361,0,BM,SHORT,60,True
Free Malaysia Today,The N9 Palace Crisis Explained | TLDR,https://www.youtube.com/watch?v=LsaJC4LzmOI,2026-07-23 12:00,875,6,0,EN,SHORT,60,True
Free Malaysia Today,PRN Negeri Sembilan: PAS tiada masalah lawan Bersatu,https://www.youtube.com/watch?v=N80Vv-Nv4-U,2026-07-17 12:00,0,163,0,BM,SHORT,60,True
Free Malaysia Today,"BN-PN pact can deliver 25 Negeri Sembilan seats, says Ahmad Maslan",https://www.youtube.com/watch?v=OTre_ELmI0c,2026-07-21 12:00,0,36,0,EN,SHORT,60,True
Free Malaysia Today,PRN N Sembilan: 14.31% mengundi awal setakat 9 pagi,https://www.youtube.com/watch?v=PJDTmTJz31c,2026-07-27 12:00,0,22,0,BM,SHORT,60,True
Free Malaysia Today,PRN N Sembilan: SPR seru pengundi muda segera turun memilih,https://www.youtube.com/watch?v=PRWavjAY8ck,2026-07-31 12:00,0,55,0,EN,SHORT,60,True
Free Malaysia Today,"BN-PN di N Sembilan bukan alasan tamat kerajaan perpaduan, kata Azalina",https://www.youtube.com/watch?v=PZ5ugWCOnEk,2026-08-02 12:00,0,190,0,BM,SHORT,60,True
Free Malaysia Today,"Liputan langsung PRN N Sembilan: Retorik kaum atau pembangunan, Aminuddin tanya pengundi",https://www.youtube.com/watch?v=PybQW-l05xE,2026-08-01 12:00,0,33,0,BM,SHORT,60,True
Free Malaysia Today,Negeri Sembilan tarik balik 2 darjah kebesaran Rais Yatim,https://www.youtube.com/watch?v=Q6WxcmHfiAo,2026-07-29 12:00,0,85,0,EN,SHORT,60,True
Free Malaysia Today,Sanjeevan bidas Khaled angkuh gelar Bersatu ‘kacau daun’ di N Sembilan,https://www.youtube.com/watch?v=QRN2K60yuf8,2026-07-20 12:00,0,24,0,EN,SHORT,60,True
Free Malaysia Today,Anwar warns ministers against attacking unity govt allies in state polls,https://www.youtube.com/watch?v=Qm70Tkk0aD8,2026-07-19 12:00,0,53,0,EN,SHORT,60,True
Free Malaysia Today,Ilham Centre projects BN-PN win in Negeri Sembilan polls,https://www.youtube.com/watch?v=RQ55dqopMNQ,2026-07-31 12:00,0,65,0,EN,SHORT,60,True
Free Malaysia Today,7-term rep Ismail Lasim is 12th Negeri Sembilan MB,https://www.youtube.com/watch?v=RUXFRsXVnqU,2026-08-02 12:00,0,72,0,EN,SHORT,60,True
Free Malaysia Today,"Prestasi BN-PN di N Sembilan jadi penentu jajaran PRU16, kata Zahid",https://www.youtube.com/watch?v=RlafhQVYIk8,2026-07-18 12:00,0,161,0,EN,SHORT,60,True
Free Malaysia Today,"MCA 'biggest loser' in BN PN Negeri Sembilan pact, says Loke",https://www.youtube.com/watch?v=S4DbSlHvdQc,2026-07-19 12:00,0,154,0,EN,SHORT,60,True
Free Malaysia Today,Anwar rayu rakyat N Sembilan terus beri mandat kepada PH,https://www.youtube.com/watch?v=SCww8HNdwd8,2026-07-22 12:00,0,1100,0,BM,SHORT,60,True
Free Malaysia Today,"PN serah kepada BN pilih calon MB Negeri Sembilan, kata Hamzah",https://www.youtube.com/watch?v=SZil2wsVyD0,2026-07-29 12:00,0,191,0,BM,SHORT,60,True
Free Malaysia Today,"Bersatu mungkin lebih banyak bantu PH di N Sembilan, kata penganalisis",https://www.youtube.com/watch?v=Uxo8__jZvHs,2026-07-22 12:00,0,342,0,EN,SHORT,60,True
Free Malaysia Today,"PRN N Sembilan: Anwar mahu menteri, timbalan undur jika serang kerajaan perpaduan",https://www.youtube.com/watch?v=V5McZCb3Hwo,2026-07-19 12:00,0,1000,0,EN,SHORT,60,True
Free Malaysia Today,"Did MCA approve BN PAS pact in Negeri Sembilan, asks youth leader",https://www.youtube.com/watch?v=Vf67mzU1MUo,2026-07-16 12:00,0,188,0,EN,SHORT,60,True
Free Malaysia Today,Ketua Umno N9 hadir mengundi di SK Putra,https://www.youtube.com/watch?v=Wt7DHs5YoNg,2026-07-31 12:00,0,264,0,BM,SHORT,60,True
Free Malaysia Today,BN-PN claims majority in Negeri Sembilan,https://www.youtube.com/watch?v=YwVP7MUQdsg,2026-08-01 12:00,0,164,0,EN,SHORT,60,True
Free Malaysia Today,"Jalaluddin dakwa kerjasama BN-PN semakin kukuh, berpeluang menang PRN NS",https://www.youtube.com/watch?v=Z4wCtT6m2WA,2026-07-21 12:00,0,205,0,EN,SHORT,60,True
Free Malaysia Today,PRN N Sembilan pengundi mula memilih,https://www.youtube.com/watch?v=ZMeQ1v3ghQ8,2026-07-31 12:00,0,84,0,EN,SHORT,60,True
Free Malaysia Today,"PH sasar menang 23 kerusi untuk ‘selamat’ di N Sembilan, kata Loke",https://www.youtube.com/watch?v=ZuMe7eImHjo,2026-07-19 12:00,0,198,0,BM,SHORT,60,True
Free Malaysia Today,"PAS ‘pertahanan’ di Johor, ‘penyerang’ di Negeri Sembilan, kata Hadi",https://www.youtube.com/watch?v=_32mrEutgJc,2026-07-21 12:00,0,466,0,EN,SHORT,60,True
Free Malaysia Today,"Undi PH di PRN N Sembilan merosot 5% banding PRU15, kata Kian Ming",https://www.youtube.com/watch?v=_WBX-emYwFU,2026-08-02 12:00,0,313,0,EN,SHORT,60,True
Free Malaysia Today,Why is PRN N9 happening so early? | TLDR,https://www.youtube.com/watch?v=_XRj71tTJEs,2026-07-21 12:00,0,12,0,EN,SHORT,60,True
Free Malaysia Today,401 polling stations open as Negeri Sembilan polls get under way,https://www.youtube.com/watch?v=a7lq4vI7RBk,2026-07-31 12:00,0,78,0,EN,SHORT,60,True
Free Malaysia Today,"Kerjasama BN-PN tak perlu nama rasmi meski menang besar N Sembilan, kata Hadi",https://www.youtube.com/watch?v=bGXfxcVXlqw,2026-08-01 12:00,0,586,0,EN,SHORT,60,True
Free Malaysia Today,"PN leaving Negeri Sembilan MB pick to BN, says Hamzah",https://www.youtube.com/watch?v=c-D-3Gq4pi8,2026-07-29 12:00,0,17,0,EN,SHORT,60,True
Free Malaysia Today,"PRN NS perlihatkan kempen perkauman luar biasa, dakwa PH",https://www.youtube.com/watch?v=cBkISSAxAuc,2026-08-01 12:00,0,178,0,BM,SHORT,60,True
Free Malaysia Today,"Istana N Sembilan tak terbabit parti, kegiatan politik",https://www.youtube.com/watch?v=ebU9fX6NlGk,2026-07-27 12:00,0,27,0,BM,SHORT,60,True
Free Malaysia Today,Hamzah bayangkan ‘jajaran baharu’ bermula di N Sembilan menuju Putrajaya,https://www.youtube.com/watch?v=el0YzokeLzo,2026-07-16 12:00,0,1400,0,EN,SHORT,60,True
Free Malaysia Today,"Kekalahan PH di N Sembilan boleh ancam hayat kerajaan perpaduan, kata Loke",https://www.youtube.com/watch?v=fXlULcUrsto,2026-07-29 12:00,0,2900,0,EN,SHORT,60,True
Free Malaysia Today,"BN-PN poised to take Negeri Sembilan, says Kian Ming",https://www.youtube.com/watch?v=fzogLWhRUEg,2026-07-27 12:00,0,39,0,EN,SHORT,60,True
Free Malaysia Today,Negeri Sembilan PH unveils ‘election pledges that can be delivered’,https://www.youtube.com/watch?v=gorCOQz5Xhc,2026-07-20 12:00,0,35,0,EN,SHORT,60,True
Free Malaysia Today,PN's Saga in N9 | TLDR,https://www.youtube.com/watch?v=hNGIDDBcCS0,2026-07-30 12:00,0,12,0,EN,SHORT,60,True
Free Malaysia Today,"Kejayaaan Wawasan di PRN N Sembilan bukan atas kekuatan sendiri, kata penganalisis",https://www.youtube.com/watch?v=hSHtVh3IJEQ,2026-08-02 12:00,0,239,0,EN,SHORT,60,True
Free Malaysia Today,PRN N Sembilan: Bersatu tumpas buat kali ketiga berturut-turut,https://www.youtube.com/watch?v=iIpwnjMalAo,2026-08-01 12:00,0,1100,0,EN,SHORT,60,True
Free Malaysia Today,Federal development funds boost Negeri Sembilan’s potential,https://www.youtube.com/watch?v=iLwRTBBaNcE,2026-07-20 12:00,564,4,0,EN,VIDEO,233,True
Free Malaysia Today,"Kepimpinan bijak mampu tarik limpahan ekonomi ke N Sembilan, kata Asna",https://www.youtube.com/watch?v=iP03zA2kgJ0,2026-07-30 12:00,0,140,0,EN,SHORT,60,True
Free Malaysia Today,"Young Negeri Sembilan voters prefer parties over candidates, says think tank",https://www.youtube.com/watch?v=ir-F8O7zXWI,2026-07-31 12:00,0,67,0,EN,SHORT,60,True
Free Malaysia Today,PH's Performance in N9 | TLDR,https://www.youtube.com/watch?v=jYRsKHfowAY,2026-07-26 12:00,0,187,0,EN,SHORT,60,True
Free Malaysia Today,BN's Negeri Sembilan victory marks coalition's political comeback after 2018's disastrous outing,https://www.youtube.com/watch?v=kDqabacyE0k,2026-08-01 12:00,0,161,0,EN,SHORT,60,True
Free Malaysia Today,"MCA ‘paling rugi’ pakatan BN PN di N Sembilan, kata Loke",https://www.youtube.com/watch?v=lGJcZ9KmAQU,2026-07-18 12:00,8200,80,0,EN,VIDEO,184,True
Free Malaysia Today,Pemimpin BN bersorak meraikan kemenangan PRN Negeri Sembilan,https://www.youtube.com/watch?v=ljgQ8f6m_6k,2026-08-01 12:00,0,305,0,BM,SHORT,60,True
Free Malaysia Today,Negeri Sembilan ruler strips Rais Yatim of state honours,https://www.youtube.com/watch?v=mrYVT6qfQMI,2026-07-29 12:00,0,40,0,EN,SHORT,60,True
Free Malaysia Today,BN's Performance in N9 | TLDR,https://www.youtube.com/watch?v=n_FhNDxpDuk,2026-07-29 12:00,0,31,0,EN,SHORT,60,True
Free Malaysia Today,"Putrajaya jamin kerjasama dengan kerajaan baharu N Sembilan, kata Anwar",https://www.youtube.com/watch?v=n_NNgw0pVIM,2026-08-01 12:00,0,502,0,BM,SHORT,60,True
Free Malaysia Today,"Negeri Sembilan has already surpassed BN’s RM30bil investment target, says Aminuddin",https://www.youtube.com/watch?v=nuuD-BWkMUM,2026-07-25 12:00,0,52,0,EN,SHORT,60,True
Free Malaysia Today,103 candidates vying for 36 seats in Negeri Sembilan polls,https://www.youtube.com/watch?v=o3F2wi4dvKM,2026-07-18 12:00,0,35,0,EN,SHORT,60,True
Free Malaysia Today,Peruntukan pembangunan daripada persekutuan perkukuh potensi N Sembilan,https://www.youtube.com/watch?v=oCx6oPMPyeI,2026-07-20 12:00,563,3,0,EN,VIDEO,251,True
Free Malaysia Today,"PN setuju BN jadi MB N Sembilan jika menang PRN, kata Jalaluddin",https://www.youtube.com/watch?v=oV3WjlBc9U4,2026-07-19 12:00,0,1300,0,EN,SHORT,60,True
Free Malaysia Today,Apa yang terjadi di N9? | TLDR,https://www.youtube.com/watch?v=qAWzGIm08_0,2026-07-23 12:00,0,98,0,BM,SHORT,60,True
Free Malaysia Today,"Tak perlu datang N Sembilan, Zahid mahu Sanusi balik Kedah",https://www.youtube.com/watch?v=qXv27von6gA,2026-07-25 12:00,0,963,0,EN,SHORT,60,True
Free Malaysia Today,Manifesto PH berdasarkan 8 tahun tadbir Negeri Sembilan,https://www.youtube.com/watch?v=rMZvAPjGwac,2026-07-20 12:00,0,10,0,BM,SHORT,60,True
Free Malaysia Today,Liputan langsung PRN N Sembilan: 7.00 malam,https://www.youtube.com/watch?v=sDipWUOJz8w,2026-08-01 12:00,0,64,0,EN,SHORT,60,True
Free Malaysia Today,Jalaluddin hopes Negeri Sembilan election turnout exceeds 70%,https://www.youtube.com/watch?v=tPS95Rg5Mvw,2026-07-31 12:00,0,38,0,EN,SHORT,60,True
Free Malaysia Today,"Muda sits out Negeri Sembilan polls, PSM to contest",https://www.youtube.com/watch?v=u3EiQznjUXk,2026-07-16 12:00,0,6,0,EN,SHORT,60,True
Free Malaysia Today,"Jalaluddin a likely candidate for Negeri Sembilan MB, says Hamzah",https://www.youtube.com/watch?v=uUqTqmzwhao,2026-07-23 12:00,0,12,0,EN,SHORT,60,True
Free Malaysia Today,Bersatu to form new coalition after Negeri Sembilan polls,https://www.youtube.com/watch?v=uk_lb1OByfo,2026-07-17 12:00,0,40,0,EN,SHORT,60,True
Free Malaysia Today,Ilham Centre ramal BN-PN menang PRN N Sembilan,https://www.youtube.com/watch?v=wEi26VuDbcc,2026-07-31 12:00,0,337,0,EN,SHORT,60,True
Free Malaysia Today,"PN agrees Negeri Sembilan MB’s post for BN if pact wins polls, says Jalaluddin",https://www.youtube.com/watch?v=wlunQllBm0Y,2026-07-19 12:00,0,42,0,EN,SHORT,60,True
Free Malaysia Today,Liputan langsung PRN N Sembilan: BN-PN dakwa menang majoriti 2/3,https://www.youtube.com/watch?v=xbL72xxiBmA,2026-08-01 12:00,0,65,0,BM,SHORT,60,True
Free Malaysia Today,"DAP N Sembilan, Selangor mahu Loke kekal selepas kalah PRN",https://www.youtube.com/watch?v=yuSCaiytcdE,2026-08-02 12:00,0,398,0,BM,SHORT,60,True
Free Malaysia Today,Road to 19 seats in Negeri Sembilan,https://www.youtube.com/watch?v=zCSqepEeLDo,2026-07-22 12:00,0,132,0,EN,SHORT,60,True
Free Malaysia Today,Aminuddin yakin PH lepasi 19 kerusi di PRN Negeri Sembilan,https://www.youtube.com/watch?v=zJOAAi7Fk1s,2026-07-31 12:00,0,170,0,BM,SHORT,60,True
Free Malaysia Today,"BN, PN gabung manifesto kempen PRN N Sembilan",https://www.youtube.com/watch?v=zlu75ym-nRE,2026-07-23 12:00,0,48,0,EN,SHORT,60,True
Malaysiakini / KiniTV,'Saya bukan derhaka!’-  Jalaluddin dedah MB gagal urus krisis N9,https://www.youtube.com/watch?v=-8lhVTupkEQ,2026-07-24 12:00,0,482,0,EN,SHORT,60,True
Malaysiakini / KiniTV,Unofficial: BN-PN wins Negeri Sembilan,https://www.youtube.com/watch?v=1NjES4lWuNs,2026-08-01 12:00,0,430,0,EN,SHORT,60,True
Malaysiakini / KiniTV,[Video penuh] Ucapan Aminuddin Harun di Ceramah Jelajah Kekal Harapan Negeri Sembilan,https://www.youtube.com/watch?v=1rXDK2Rq978,2026-07-22 12:00,3600,0,0,EN,VIDEO,1604,True
Malaysiakini / KiniTV,"[Analisis] BN tak menang besar PRN N9, Anwar tiada pilihan!, PH sedang 'tenggelam' - Ong",https://www.youtube.com/watch?v=20YdccjruKQ,2026-07-29 12:00,126000,0,0,EN,VIDEO,1600,True
Malaysiakini / KiniTV,"Anwar 'gegar' N9! sempat pantun pujuk Zahid, BN mendahului, 'Kerajaan bakal bertukar' |SEKILAS FAKTA",https://www.youtube.com/watch?v=2meJi1KZdDY,2026-07-22 12:00,57000,0,0,BM,VIDEO,830,True
Malaysiakini / KiniTV,"N Sembilan tarik dua darjah kebesaran Rais!, Siapa pemimpin Umno sakau Tabung Haji? | SEKILAS FAKTA",https://www.youtube.com/watch?v=2pTaC6PD79c,2026-07-30 12:00,128000,0,0,EN,VIDEO,670,True
Malaysiakini / KiniTV,PRN Negeri Sembilan: 65.38 peratus keluar mengundi setakat 4 petang,https://www.youtube.com/watch?v=4tWnXhhcKvk,2026-08-01 12:00,3400,0,0,BM,VIDEO,143,True
Malaysiakini / KiniTV,"N Sembilan polls: I am confident Harapan will win more than 19 seats, says Aminuddin",https://www.youtube.com/watch?v=5L-qUGa_vrE,2026-07-31 12:00,4300,0,0,EN,VIDEO,212,True
Malaysiakini / KiniTV,"BN buat kejutan! Bayang kerjasama PAS di PRN N9, 'Pelik PN lawan PN', BN dikecam | SEKILAS FAKTA",https://www.youtube.com/watch?v=6fye02H3X0c,2026-07-16 12:00,68000,0,0,EN,VIDEO,626,True
Malaysiakini / KiniTV,"Sanusi bebas kempen di N9, gesaan Zahid pandangan peribadi - Samsuri",https://www.youtube.com/watch?v=7TnFm43UqrU,2026-07-25 12:00,8900,0,0,BM,VIDEO,89,True
Malaysiakini / KiniTV,"Unofficial: Loke, Aminuddin defeated in Negeri Sembilan; scene from PH war room",https://www.youtube.com/watch?v=8EDzu53Qqwg,2026-08-01 12:00,0,92,0,EN,SHORT,60,True
Malaysiakini / KiniTV,"[VoxPop] BN-PAS Alliance in N9: Malay Voters Welcome It, But What About Chinese & Indian Voters?",https://www.youtube.com/watch?v=DWKVMZhUri4,2026-07-27 12:00,23000,0,0,EN,VIDEO,669,True
Malaysiakini / KiniTV,BN-PN supporters celebrate Negeri Sembilan polls victory,https://www.youtube.com/watch?v=DlIJdG96HFI,2026-08-01 12:00,14000,0,0,EN,VIDEO,137,True
Malaysiakini / KiniTV,[FULL VIDEO] Anwar Ibrahim's speech at Harapan's ceramah in N Sembilan,https://www.youtube.com/watch?v=Dy6Z8kufYn4,2026-07-22 12:00,22000,0,0,EN,VIDEO,2012,True
Malaysiakini / KiniTV,"BN-PN diramal menang selesa PRN N9, Anwar rasa pelik, 'Tak masuk akal!' | SEKILAS FAKTA",https://www.youtube.com/watch?v=ELsbEtexBW0,2026-07-27 12:00,87000,0,0,EN,VIDEO,611,True
Malaysiakini / KiniTV,"PRN N9: Manifesto PH bukan sekadar janji, mampu dilaksana sepenuhnya",https://www.youtube.com/watch?v=EwWulwiR1BM,2026-07-20 12:00,4200,0,0,EN,VIDEO,501,True
Malaysiakini / KiniTV,"BN sambut baik teguran Istana Negeri Sembilan, kempen BN tak sentuh 3R",https://www.youtube.com/watch?v=Fqst3lQ3WDs,2026-07-27 12:00,2500,0,0,BM,VIDEO,232,True
Malaysiakini / KiniTV,#KiniNews: Loke responds to BN-PN pact in N Sembilan; Samsuri hits back at Muhyiddin,https://www.youtube.com/watch?v=Ft-FkP-T_sU,2026-07-16 12:00,49000,0,0,EN,VIDEO,535,True
Malaysiakini / KiniTV,"Negeri Sembilan polls: Harapan unveils economy, welfare-focused manifesto",https://www.youtube.com/watch?v=G5exqdlrNz4,2026-07-20 12:00,34000,0,0,BM,VIDEO,501,True
Malaysiakini / KiniTV,[Video Penuh] Majlis Pelancaran Manifesto Perikatan Nasional PRN Negeri Sembilan,https://www.youtube.com/watch?v=G7q6j_TiC7Q,2026-07-26 12:00,11000,0,0,EN,VIDEO,1073,True
Malaysiakini / KiniTV,Unofficial: BN-PN wins Negeri Sembilan,https://www.youtube.com/watch?v=GfDSo96GIsY,2026-08-01 12:00,10000,0,0,EN,VIDEO,182,True
Malaysiakini / KiniTV,[Video penuh] Ucapan Anwar Ibrahim di Ceramah Jelajah Kekal Harapan Negeri Sembilan,https://www.youtube.com/watch?v=Hrj2ag81xLw,2026-07-22 12:00,12000,0,0,EN,VIDEO,2012,True
Malaysiakini / KiniTV,"Unofficial: Loke, Aminuddin defeated in Negeri Sembilan; scene from PH war room",https://www.youtube.com/watch?v=HxS0mIDQ5Ng,2026-08-01 12:00,25000,0,0,EN,VIDEO,109,True
Malaysiakini / KiniTV,PRN Negeri Sembilan: PAS yakin menang 3 kerusi,https://www.youtube.com/watch?v=IU0QNKmz4n4,2026-07-20 12:00,1600,0,0,BM,VIDEO,80,True
Malaysiakini / KiniTV,PRN Negeri Sembilan penentu hidup atau matinya Bersatu?,https://www.youtube.com/watch?v=IyYGKxXRt4g,2026-07-27 12:00,6100,0,0,BM,VIDEO,96,True
Malaysiakini / KiniTV,PRN N9: Ong Kian Ming ramal BN-PN menang 23 ke 25 kerusi,https://www.youtube.com/watch?v=KkiUS1fAQ6M,2026-07-27 12:00,22000,0,0,BM,VIDEO,104,True
Malaysiakini / KiniTV,Police investigating video linking N Sembilan palace to political party,https://www.youtube.com/watch?v=L4kFetpUevk,2026-07-28 12:00,12000,0,0,EN,VIDEO,103,True
Malaysiakini / KiniTV,"Sah! BN-PN kerjasama PRN N9, Anwar diberi kata dua, Bersatu isytihar lawan PAS  | SEKILAS FAKTA",https://www.youtube.com/watch?v=Ls8lm3-Tvx4,2026-07-17 12:00,125000,0,0,EN,VIDEO,758,True
Malaysiakini / KiniTV,Tak rasmi - BN mendahului di Negeri Sembilan! Penyokong bersorak di bilik gerakan,https://www.youtube.com/watch?v=MA0eKP8_Iqw,2026-08-01 12:00,31000,0,0,BM,VIDEO,107,True
Malaysiakini / KiniTV,PRN Negeri Sembilan: 28.11 peratus keluar mengundi setakat 11 pagi,https://www.youtube.com/watch?v=Mf0XsZSVLFM,2026-07-31 12:00,2300,0,0,BM,VIDEO,77,True
Malaysiakini / KiniTV,PRN Negeri Sembilan: 8.29 peratus keluar undi setakat 9 pagi - SPR,https://www.youtube.com/watch?v=OIfDqTUqvXw,2026-07-31 12:00,2400,0,0,BM,VIDEO,219,True
Malaysiakini / KiniTV,[Full Video] Hamzah Zainudin's speech at ceramah in N Sembilan,https://www.youtube.com/watch?v=O_CS_NEvMns,2026-07-23 12:00,1800,0,0,EN,VIDEO,1050,True
Malaysiakini / KiniTV,[Video penuh] Sorakan PN-BN bergema! - Ucapan Tuan Ibrahim di Majlis Pengumuman Calon PN bagi PRN N9,https://www.youtube.com/watch?v=OemHcYO8X88,2026-07-16 12:00,9400,0,0,EN,VIDEO,516,True
Malaysiakini / KiniTV,[Video penuh] Ucapan Hamzah Zainudin di Ceramah Gelombang Biru Negeri Sembilan,https://www.youtube.com/watch?v=PJvcI_kaK_0,2026-07-23 12:00,7900,0,0,EN,VIDEO,1050,True
Malaysiakini / KiniTV,[Video penuh] Ucapan Hamzah Zainudin di Ceramah Kebangkitan Gelombang Biru PN-BN sempena PRN N9,https://www.youtube.com/watch?v=QwO0IYzZDf0,2026-07-21 12:00,4100,0,0,EN,VIDEO,1135,True
Malaysiakini / KiniTV,[Video penuh] Ucapan Hamzah Zainudin di Majlis Pengumuman Calon PN bagi PRN N9,https://www.youtube.com/watch?v=QyQN2yBQkCQ,2026-07-16 12:00,7600,0,0,BM,VIDEO,529,True
Malaysiakini / KiniTV,[Video penuh] Ucapan Ahmad Maslan di ceramah BN sempena PRN N9,https://www.youtube.com/watch?v=SFYoEFMu3Js,2026-07-23 12:00,13000,0,0,EN,VIDEO,1396,True
Malaysiakini / KiniTV,"Video kempen N9: Polis akan panggil Sanusi, pemimpin Umno",https://www.youtube.com/watch?v=S_7-jm-vLjw,2026-07-28 12:00,6700,0,0,BM,VIDEO,73,True
Malaysiakini / KiniTV,Negeri Sembilan polls: 65.38 percent voter turnout as of 4pm - EC,https://www.youtube.com/watch?v=TSbqQxysiTw,2026-08-01 12:00,9300,0,0,EN,VIDEO,143,True
Malaysiakini / KiniTV,"[Tinjauan] BN-PAS Bergabung di N9: Pengundi Melayu Terima, Apa Kata Pengundi Cina & India?",https://www.youtube.com/watch?v=Tru4nyZVAH0,2026-07-27 12:00,89000,0,0,BM,VIDEO,693,True
Malaysiakini / KiniTV,"PRN N9: Ong ramal BN-PN ada kelebihan, PH berdepan saingan sengit",https://www.youtube.com/watch?v=WfFS8a1NPy4,2026-07-22 12:00,7800,0,0,EN,VIDEO,81,True
Malaysiakini / KiniTV,Negeri Sembilan palace revokes two titles awarded to Rais,https://www.youtube.com/watch?v=YvqX4Lti9IA,2026-07-30 12:00,4200,0,0,BM,VIDEO,76,True
Malaysiakini / KiniTV,Dua darjah kebesaran Negeri Sembilan kepada Rais Yatim ditarik balik,https://www.youtube.com/watch?v=ZT5ofckCiQU,2026-07-30 12:00,10000,0,0,BM,VIDEO,91,True
Malaysiakini / KiniTV,'Saya bukan derhaka!’-  Jalaluddin dedah MB gagal urus krisis N9,https://www.youtube.com/watch?v=_ZREwU4sAuc,2026-07-23 12:00,4200,46,0,EN,VIDEO,516,True
Malaysiakini / KiniTV,Negeri Sembilan palace denounces claims of political involvement,https://www.youtube.com/watch?v=bCkDsO5ExZM,2026-07-27 12:00,3300,0,0,EN,VIDEO,92,True
Malaysiakini / KiniTV,"Tak rasmi - BN, PN cukup kerusi bentuk kerajaan Negeri Sembilan",https://www.youtube.com/watch?v=dWWA4Th-dkQ,2026-08-01 12:00,0,321,0,BM,SHORT,60,True
Malaysiakini / KiniTV,"BN-PN likely to form N9 govt, but some seats could narrow majority - Ong",https://www.youtube.com/watch?v=dsYfKHbdEug,2026-07-27 12:00,16000,0,0,EN,VIDEO,103,True
Malaysiakini / KiniTV,Ramanan dismisses Ong Kian Ming's Negeri Sembilan polls prediction,https://www.youtube.com/watch?v=eUtgn1tap8U,2026-07-28 12:00,2500,0,0,EN,VIDEO,85,True
Malaysiakini / KiniTV,[Full Video] Ahmad Maslan's speech at BN's ceramah in Negeri Sembilan,https://www.youtube.com/watch?v=gpQ8DCGz1G4,2026-07-23 12:00,5200,0,0,EN,VIDEO,1396,True
Malaysiakini / KiniTV,"Tak rasmi - BN, PN cukup kerusi bentuk kerajaan Negeri Sembilan",https://www.youtube.com/watch?v=hF0b0V4NM3s,2026-08-01 12:00,24000,0,0,BM,VIDEO,182,True
Malaysiakini / KiniTV,PRN N.Sembilan: Anthony Loke dakwa MCA ‘bantu’ DAP selepas beri laluan di tiga kerusi tradisi,https://www.youtube.com/watch?v=iPJDK51PzeQ,2026-07-19 12:00,19000,96,0,BM,VIDEO,275,True
Malaysiakini / KiniTV,[FULL VIDEO] Aminuddin's speech at Harapan's ceramah in N Sembilan,https://www.youtube.com/watch?v=jIzKvnYexyw,2026-07-22 12:00,4600,0,0,EN,VIDEO,1604,True
Malaysiakini / KiniTV,"[Video penuh] PN umum 11 calon PRN N9, sah kerjasama BN!",https://www.youtube.com/watch?v=lSHCzVyuSzs,2026-07-16 12:00,11000,0,0,EN,VIDEO,892,True
Malaysiakini / KiniTV,"Bersatu to use own logo for Negeri Sembilan polls, says Muhyiddin",https://www.youtube.com/watch?v=lxz_Dxax-vE,2026-07-16 12:00,5900,0,0,EN,VIDEO,95,True
Malaysiakini / KiniTV,"Voting begins in N Sembilan, turnout at 8.29pct as of 9am",https://www.youtube.com/watch?v=n9zMwDgp_LM,2026-07-31 12:00,5200,0,0,EN,VIDEO,219,True
Malaysiakini / KiniTV,"Unofficial - BN leading in N Sembilan polls, supporters cheer at BN command centre",https://www.youtube.com/watch?v=nMeQCQznUxk,2026-08-01 12:00,12000,0,0,EN,VIDEO,107,True
Malaysiakini / KiniTV,"PN unveils 11 candidates for N Sembilan polls, confirms pact with BN",https://www.youtube.com/watch?v=n_GUCuKd2U8,2026-07-16 12:00,2400,0,0,EN,VIDEO,892,True
Malaysiakini / KiniTV,[Video penuh] Ucapan Takiyuddin Hassan di Ceramah Kebangkitan Gelombang Biru PN-BN sempena PRN N9,https://www.youtube.com/watch?v=pAHuy7jGB8o,2026-07-21 12:00,2000,0,0,EN,VIDEO,486,True
Malaysiakini / KiniTV,[Full Video] Anwar Ibrahim's speech at Grand Finale Kekal Harapan in Negeri Sembilan,https://www.youtube.com/watch?v=qysZ6uCrSSw,2026-07-31 12:00,5200,63,0,EN,VIDEO,1820,True
Malaysiakini / KiniTV,Negeri Sembilan polls: 28.1 percent voter turnout as of 11 am - EC,https://www.youtube.com/watch?v=r288gZ4DZYY,2026-07-31 12:00,5700,0,0,EN,VIDEO,77,True
Malaysiakini / KiniTV,[Video penuh] Ucapan Muhyiddin Yassin selar PAS di Majlis Pengumuman Calon Bersatu bagi PRN N9,https://www.youtube.com/watch?v=sG8mC8ckLyk,2026-07-17 12:00,3300,0,0,EN,VIDEO,1502,True
Malaysiakini / KiniTV,Bersatu faces crucial test in Negeri Sembilan election,https://www.youtube.com/watch?v=tYlwbgvMa2M,2026-07-27 12:00,835,0,0,EN,VIDEO,119,True
Malaysiakini / KiniTV,BN welcomes Negeri Sembilan palace's call to avoid 3R issues,https://www.youtube.com/watch?v=v5-0cficUvw,2026-07-27 12:00,8500,0,0,EN,VIDEO,232,True
Malaysiakini / KiniTV,"PRN N9: Anwar mahu menteri, timb menteri letak jawatan jika serang k'jaan",https://www.youtube.com/watch?v=x-iRntxX-QQ,2026-07-19 12:00,8100,0,0,BM,VIDEO,115,True
Malaysiakini / KiniTV,BN-PN supporters celebrate Negeri Sembilan polls victory,https://www.youtube.com/watch?v=xk0bAxL6emQ,2026-08-01 12:00,0,430,0,EN,SHORT,60,True
New Straits Times,[EP142] BTH: Negri Sembilan’s political showdown,https://www.youtube.com/watch?v=1FHviXfsx1U,2026-07-30 12:00,8000,0,0,EN,VIDEO,2469,True
New Straits Times,"‘Make Negeri Sembilan Great Again’, BN’s realistic commitment",https://www.youtube.com/watch?v=1tBms0P4-tY,2026-07-30 12:00,2000,7,0,EN,VIDEO,3090,True
New Straits Times,Negri Sembilan decides: Voters hold key to state’s political future,https://www.youtube.com/watch?v=3Mz1MHy9Qsg,2026-07-31 12:00,0,69,0,EN,SHORT,60,True
New Straits Times,N9 polls: All 401 polling centres opened at 8am,https://www.youtube.com/watch?v=5qbmH0TIJ38,2026-07-31 12:00,0,13,0,EN,SHORT,60,True
New Straits Times,"Public holiday in Negri Sembilan tomorrow, MB announces",https://www.youtube.com/watch?v=7O2iPauV8f4,2026-08-02 12:00,0,11,0,EN,SHORT,60,True
New Straits Times,PH leads popular vote but BN holds trust edge in Negri Sembilan,https://www.youtube.com/watch?v=Bn0xB9Fxvjs,2026-07-23 12:00,0,131,0,EN,SHORT,60,True
New Straits Times,N9 polls: Pas instructs members to support BN candidates,https://www.youtube.com/watch?v=Jxk5hKNUpjo,2026-07-21 12:00,0,6,0,EN,SHORT,60,True
New Straits Times,Negri Sembilan election: Supporters flood Seremban nomination centre with drums and vibrant chanting,https://www.youtube.com/watch?v=LMkjDcGXQoc,2026-07-17 12:00,0,19,0,EN,SHORT,60,True
New Straits Times,'Kekal Harapan' agenda is PH's pledge to Negri Sembilan voters,https://www.youtube.com/watch?v=LnX3An0oRBM,2026-07-29 12:00,2100,0,0,EN,VIDEO,2784,True
New Straits Times,Zahid submits three names to Negri Sembilan palace for MB post,https://www.youtube.com/watch?v=NeNrl1upOXY,2026-08-01 12:00,0,85,0,EN,SHORT,60,True
New Straits Times,Negri Sembilan polls: EC expects up to 75 pct turnout,https://www.youtube.com/watch?v=Q86ttplA7_I,2026-07-27 12:00,0,9,0,EN,SHORT,60,True
New Straits Times,"Negri Sembilan exco lineup expected by Friday, says MB",https://www.youtube.com/watch?v=YA68iPjo71Q,2026-08-02 12:00,0,28,0,EN,SHORT,60,True
New Straits Times,"BN PN understanding aimed at ensuring Negri Sembilan political stability, says Asyraf Wajdi",https://www.youtube.com/watch?v=due7WbMOQIQ,2026-07-17 12:00,0,198,0,EN,SHORT,60,True
New Straits Times,38 early voting centres for N9 polls opened at 8am,https://www.youtube.com/watch?v=gMPMnaTPFLI,2026-07-27 12:00,0,14,0,EN,SHORT,60,True
New Straits Times,N9 polls: Early voters cast ballots today,https://www.youtube.com/watch?v=iLrIpxfZBU0,2026-07-27 12:00,0,9,0,EN,SHORT,60,True
New Straits Times,Ismail Lasim appointed as new Negri Sembilan Menteri Besar,https://www.youtube.com/watch?v=m3SS7zka000,2026-08-01 12:00,0,14,0,EN,SHORT,60,True
New Straits Times,N  Sembilan polls enter battle mode as nomination day kicks off,https://www.youtube.com/watch?v=oNuIGZJQngc,2026-07-17 12:00,0,20,0,EN,SHORT,60,True
New Straits Times,Negri Sembilan polls: Bersatu at a crossroads amid BN-PN cooperation,https://www.youtube.com/watch?v=qcv-smAJ-ag,2026-07-18 12:00,0,80,0,EN,SHORT,60,True
New Straits Times,"At 102, Negri Sembilan's oldest government pensioner still says 'thank you'",https://www.youtube.com/watch?v=sSOeIIes9no,2026-07-23 12:00,0,74,0,EN,SHORT,60,True
New Straits Times,"N9 polls: PN-BN pact sealed four days before nomination day, says Takiyuddin",https://www.youtube.com/watch?v=sh_iMia0f7E,2026-07-21 12:00,0,27,0,EN,SHORT,60,True
New Straits Times,"Stability, change among key factors shaping Negri Sembilan election",https://www.youtube.com/watch?v=vzC5E2uxaCE,2026-07-27 12:00,0,32,0,EN,SHORT,60,True
New Straits Times,DAP vows to rebuild after bruising Negri Sembilan election,https://www.youtube.com/watch?v=z8uftvbqpEE,2026-08-02 12:00,0,138,0,EN,SHORT,60,True
Berita Harian,PRNNS: Ketibaan calon BN disambut meriah dengan paluan gendang,https://www.youtube.com/watch?v=-8Y8Hu3mbeE,2026-07-17 12:00,1100,3,0,BM,SHORT,55,True
Berita Harian,PRN NS: Tok Mat harap peratus keluar mengundi cecah 75 peratus,https://www.youtube.com/watch?v=0KzQN5EKMYg,2026-07-31 12:00,770,7,0,BM,VIDEO,118,True
Berita Harian,"Zahid menghadap Tuanku Muhriz, dipercayai persembahkan nama calon MB Negeri Sembilan",https://www.youtube.com/watch?v=0LiBzNkD-_A,2026-08-01 12:00,2100,4,0,BM,VIDEO,68,True
Berita Harian,PRN Negeri Sembilan: 'Kempen jangan sentuh isu adat...' - Tok Mat,https://www.youtube.com/watch?v=0sazhTal3VY,2026-07-17 12:00,159,1,0,BM,VIDEO,170,True
Berita Harian,"PRN Negeri Sembilan: 103 calon bersaing, paling muda 23 tahun, tertua 70 tahun",https://www.youtube.com/watch?v=16seaaW-BAI,2026-07-18 12:00,0,4,0,BM,SHORT,60,True
Berita Harian,PRN NS: Semua 401 pusat mengundi dibuka 8 pagi,https://www.youtube.com/watch?v=1sEsDWHEQhc,2026-07-31 12:00,121,0,0,BM,VIDEO,97,True
Berita Harian,"BN kembali terajui Negeri Sembilan selepas 8 tahun, bentuk kerajaan negeri bersama PN",https://www.youtube.com/watch?v=1xJQPQGCT6w,2026-08-01 12:00,670,7,0,BM,VIDEO,123,True
Berita Harian,Agenda ‘Kekal Harapan’ jadi tawaran PH untuk rakyat Negeri Sembilan,https://www.youtube.com/watch?v=4TIIDetN4qY,2026-07-29 12:00,207,0,0,BM,VIDEO,2784,True
Berita Harian,"PRN NS: Polis, tentera tunai tanggungjawab undi awal hari ini",https://www.youtube.com/watch?v=4bqIvLe2ll4,2026-07-27 12:00,689,12,0,BM,SHORT,60,True
Berita Harian,PRN NS: 4 laporan dakwaan sogok pengundi diterima,https://www.youtube.com/watch?v=7ESCe6ZwWPQ,2026-07-31 12:00,270,1,0,BM,VIDEO,119,True
Berita Harian,"Biodata MB Negeri Sembilan, Datuk Ismail Lasim",https://www.youtube.com/watch?v=7Ko_Uz5WaQU,2026-08-01 12:00,12000,63,0,BM,VIDEO,99,True
Berita Harian,"PRN NS: Keputusan pilihan raya di tangan pengundi pengundi, bukan kajian atau nujum - Fahmi",https://www.youtube.com/watch?v=8HxvFgKvsO8,2026-07-28 12:00,762,8,0,BM,SHORT,60,True
Berita Harian,PRN NS: Aminuddin tewas di DUN Linggi,https://www.youtube.com/watch?v=8IbD0eDkNP4,2026-08-01 12:00,634,4,0,EN,SHORT,60,True
Berita Harian,"Rakyat Negeri Sembilan memilih, tentukan mandat baharu hari ini",https://www.youtube.com/watch?v=8OUHWQ-6068,2026-07-31 12:00,0,41,0,BM,SHORT,60,True
Berita Harian,"PRN NS: Keputusan pilihan raya di tangan pengundi pengundi, bukan kajian atau nujum - Fahmi",https://www.youtube.com/watch?v=8kZ8HXiKnnA,2026-07-28 12:00,211,1,0,BM,VIDEO,111,True
Berita Harian,"PRN NS: Polis, tentera tunai tanggungjawab undi awal hari ini",https://www.youtube.com/watch?v=9VgXaQxHd_E,2026-07-27 12:00,138,3,0,BM,VIDEO,91,True
Berita Harian,"PRN N9: 'Tanya diri, kenapa kurang 10 peratus Melayu sokong PH pada PRN Johor' - KJ",https://www.youtube.com/watch?v=9iyR_03usIw,2026-07-24 12:00,3300,17,0,BM,VIDEO,143,True
Berita Harian,Cuti Peristiwa Negeri Sembilan esok tidak wajib bagi sektor swasta - JTKSM,https://www.youtube.com/watch?v=9vJGU9eq69g,2026-08-02 12:00,0,9,0,BM,SHORT,60,True
Berita Harian,PRN Negeri Sembilan: Polis pantau 26 kawasan hotspot sepanjang hari mengundi – KPN,https://www.youtube.com/watch?v=AMHF84MoRJ4,2026-07-31 12:00,367,1,0,BM,VIDEO,238,True
Berita Harian,PRN Negeri Sembilan: 'Kempen jangan sentuh isu adat...' - Tok Mat,https://www.youtube.com/watch?v=Aj5EcUaKUF8,2026-07-17 12:00,707,5,0,BM,SHORT,60,True
Berita Harian,"Senarai EXCO Negeri Sembilan muktamad selewatnya Jumaat, 10 orang paling sesuai - Ismail Lasim",https://www.youtube.com/watch?v=B2QkB110fcA,2026-08-02 12:00,1000,3,0,BM,VIDEO,121,True
Berita Harian,PRN NS: 401 pusat undi ditutup 6 petang,https://www.youtube.com/watch?v=DL3Mg-H2fNU,2026-08-01 12:00,581,1,0,BM,SHORT,60,True
Berita Harian,"PRN NS: 'Liputan calon sama rata, tiada sekatan media'",https://www.youtube.com/watch?v=DaQ9sWWMVc0,2026-07-22 12:00,80,0,0,EN,VIDEO,139,True
Berita Harian,"ADUN Juasseh, Datuk Ismail Lasim MB Negeri Sembilan ke-12",https://www.youtube.com/watch?v=DaZ2fed7ceo,2026-08-01 12:00,0,112,0,BM,SHORT,60,True
Berita Harian,PRN Negeri Sembilan: Pakai topi keledar ketika berkempen dengan motosikal - Loke,https://www.youtube.com/watch?v=Dji55v3f07Y,2026-07-19 12:00,0,13,0,BM,SHORT,60,True
Berita Harian,PRN NS: Beri wang kepada pengundi taktik terdesak parti lawan - Ahmad Zahid,https://www.youtube.com/watch?v=EdwlzQNXTWg,2026-07-30 12:00,0,7,0,BM,SHORT,60,True
Berita Harian,PRN N9: 'BN bantu mudahkan hidup kaum India di NS'- Tok Mat,https://www.youtube.com/watch?v=Evs1rBCTdo4,2026-07-25 12:00,1100,9,0,EN,VIDEO,109,True
Berita Harian,Penamaan calon buka tirai PRN Negeri Sembilan ke-16,https://www.youtube.com/watch?v=GDldwpMZdB4,2026-07-17 12:00,0,7,0,BM,SHORT,60,True
Berita Harian,"1,481 anggota tentera, pasangan undi awal di PUSASDA, 979 anggota polis di IPK Negeri Sembilan",https://www.youtube.com/watch?v=GHlhorz-tUQ,2026-07-27 12:00,608,9,0,BM,SHORT,60,True
Berita Harian,PRN NS: Tok Mat jauh mendahului di DUN Rantau,https://www.youtube.com/watch?v=H4QcKvG6_kQ,2026-08-01 12:00,0,23,0,EN,SHORT,60,True
Berita Harian,"1,481 anggota tentera, pasangan undi awal di PUSASDA, 979 anggota polis di IPK Negeri Sembilan",https://www.youtube.com/watch?v=HORLKCJtWiw,2026-07-27 12:00,272,2,0,BM,VIDEO,67,True
Berita Harian,PRN NS: Persefahaman BN-PN digelar 'Perikatan Barisan Nasional'   - Hamzah,https://www.youtube.com/watch?v=Hiv8dlILWPY,2026-07-21 12:00,0,30,0,EN,SHORT,60,True
Berita Harian,Proses kiraan undi awal PRN NS hanya dilaksana pada 1 Ogos -  SPR,https://www.youtube.com/watch?v=IEQ8MWY1P-c,2026-07-29 12:00,704,5,0,EN,SHORT,60,True
Berita Harian,Penamaan calon buka tirai PRN Negeri Sembilan ke-16,https://www.youtube.com/watch?v=IcdF8VY1FAo,2026-07-17 12:00,157,0,0,BM,VIDEO,94,True
Berita Harian,MB Negeri Sembilan umum cuti peristiwa esok,https://www.youtube.com/watch?v=IoAkZSf3fRk,2026-08-01 12:00,0,34,0,BM,SHORT,60,True
Berita Harian,PRN NS: Beri wang kepada pengundi taktik terdesak parti lawan - Ahmad Zahid,https://www.youtube.com/watch?v=KzlKJ9JXBDo,2026-07-30 12:00,2200,6,0,BM,VIDEO,199,True
Berita Harian,"PRN NS: Kawalan ketat di Istana Yang di-Pertuan Besar, penyokong diminta bertenang",https://www.youtube.com/watch?v=L0YGl7fNEcc,2026-08-01 12:00,0,12,0,EN,SHORT,60,True
Berita Harian,"""Ada 6 hari lagi untuk kempen... saya tak fikir Sanusi perlu datang Negeri Sembilan"" - Zahid",https://www.youtube.com/watch?v=LG1SpR1yGQA,2026-07-25 12:00,1500,9,0,BM,VIDEO,155,True
Berita Harian,Sanusi hantar LOD kepada individu putar belit kenyataan di PRN NS,https://www.youtube.com/watch?v=LUi_QvYqiuc,2026-07-27 12:00,0,39,0,EN,SHORT,60,True
Berita Harian,"PRN N9: Fitnah tidak bina rumah, hasutan tidak bawa pelaburan - Fahmi",https://www.youtube.com/watch?v=LmtzoU0EXA0,2026-07-26 12:00,471,4,0,BM,VIDEO,115,True
Berita Harian,"PRN Negeri Sembilan: Suami usia 92 tahun, isteri 86 tahun tetap teruja dapat mengundi",https://www.youtube.com/watch?v=MeZ-bF-6sp0,2026-07-31 12:00,0,15,0,BM,SHORT,60,True
Berita Harian,38 pusat mengundi awal PRN Negeri Sembilan dibuka tepat 8 pagi,https://www.youtube.com/watch?v=PBRwefxV8fU,2026-07-27 12:00,90,2,0,BM,VIDEO,78,True
Berita Harian,MB Negeri Sembilan umum cuti peristiwa esok,https://www.youtube.com/watch?v=PWkm3lbN0pE,2026-08-01 12:00,527,7,0,BM,SHORT,30,True
Berita Harian,#infografik PRN Negeri Sembilan,https://www.youtube.com/watch?v=QMnHRkbwqhA,2026-07-25 12:00,827,6,0,EN,SHORT,60,True
Berita Harian,PRN NS: Anthony Loke tewas di DUN Chennah,https://www.youtube.com/watch?v=QrN50hcVF7E,2026-08-01 12:00,0,49,0,EN,SHORT,60,True
Berita Harian,PRN NS: Zahid beri bayangan 2 wakil rakyat India akan dilantik isi jawatan EXCO jika BN menang,https://www.youtube.com/watch?v=RF0QTHfMeRQ,2026-07-25 12:00,0,30,0,BM,SHORT,60,True
Berita Harian,PRN NS: 401 pusat undi ditutup 6 petang,https://www.youtube.com/watch?v=RFYj636wiAk,2026-08-01 12:00,124,1,0,BM,VIDEO,97,True
Berita Harian,Analisis PRN Negeri Sembilan  -  Mujibu Abd Muis,https://www.youtube.com/watch?v=RINRGkJNyZg,2026-07-30 12:00,3100,22,0,BM,VIDEO,772,True
Berita Harian,PRN Negeri Sembilan: Anwar mohon PH terus diberi mandat,https://www.youtube.com/watch?v=TkRP2HTiEyQ,2026-07-31 12:00,823,4,0,EN,VIDEO,93,True
Berita Harian,PRN Negeri Sembilan: Proses pengiraan undi bermula,https://www.youtube.com/watch?v=U2VrE-pNS0I,2026-08-01 12:00,135,1,0,BM,VIDEO,84,True
Berita Harian,PRN Negeri Sembilan: Pemimpin utama parti turun padang iringi calon ke pusat penamaan,https://www.youtube.com/watch?v=Umsx0sClDfc,2026-07-17 12:00,0,29,0,BM,SHORT,60,True
Berita Harian,"PRNNS: Kain rentang muka saya, fitnah BN dengan Yamtuan Besar sangat tak wajar - Jalaluddin",https://www.youtube.com/watch?v=VQCMdBySotE,2026-07-30 12:00,4700,8,0,BM,VIDEO,104,True
Berita Harian,"PRN NS: Bahan kempen dirosakkan, dipercayai angkara khianat",https://www.youtube.com/watch?v=WcE5b9JB6AI,2026-07-20 12:00,0,14,0,BM,SHORT,60,True
Berita Harian,"PRN NS: 'BN dan PAS tak bergabung, abaikan fitnah' – Tok Mat",https://www.youtube.com/watch?v=Y4TcU7lI3OI,2026-07-24 12:00,1500,8,0,BM,VIDEO,147,True
Berita Harian,PRNNS: Tiada perbincangan PRU16 lebih awal - Zahid,https://www.youtube.com/watch?v=YmKVFwGdCQ8,2026-07-26 12:00,0,20,0,EN,SHORT,60,True
Berita Harian,"PRN NS: Undi PN berpecah, BERSATU bergelut raih undi",https://www.youtube.com/watch?v=Z1f9IMY-qTk,2026-08-01 12:00,0,20,0,BM,SHORT,60,True
Berita Harian,PRN Negeri Sembilan: 18 pusat undi awal ditutup 12 tengah hari ini,https://www.youtube.com/watch?v=ZCaRme2KoZI,2026-07-27 12:00,316,2,0,BM,VIDEO,89,True
Berita Harian,Istana Negeri Sembilan tarik balik dua darjah kebesaran Rais Yatim,https://www.youtube.com/watch?v=_GwvGwz5loQ,2026-07-29 12:00,0,184,0,BM,SHORT,60,True
Berita Harian,Negeri Sembilan State Election: 'Let us forgive one another and be friends again' - Anwar,https://www.youtube.com/watch?v=_kE-SMSWYcU,2026-07-31 12:00,0,18,0,EN,SHORT,60,True
Berita Harian,"PH lancar manifesto PRN Negeri Sembilan, garis 10 komitmen utama",https://www.youtube.com/watch?v=b6Mwxe1QWcc,2026-07-20 12:00,0,10,0,EN,SHORT,60,True
Berita Harian,"Kediaman rasmi MB N Sembilan tenang, Aminuddin dalam proses keluar",https://www.youtube.com/watch?v=b7P85kiS3Ak,2026-08-01 12:00,0,269,0,BM,SHORT,60,True
Berita Harian,Sentimen Tolak PH: ‘Sila beritahu bila DAP mencabar Islam atau Melayu di Negeri Sembilan?’ - Arul,https://www.youtube.com/watch?v=c4d7wmC_YzM,2026-07-30 12:00,435,2,0,BM,VIDEO,2335,True
Berita Harian,"PRN NS: Fokus kepada memilih pemimpin terbaik, tolak tepi provokasi - Johari",https://www.youtube.com/watch?v=e0b8hlqikxo,2026-07-27 12:00,920,13,0,BM,SHORT,60,True
Berita Harian,PRN NS: Persefahaman PN BN dibuat empat hari sebelum penamaan calon  - Takiyuddin,https://www.youtube.com/watch?v=eDC_RdwDDuo,2026-07-21 12:00,0,13,0,BM,SHORT,60,True
Berita Harian,PRN NS: 4 laporan dakwaan sogok pengundi diterima,https://www.youtube.com/watch?v=eVU1C2x4Rmw,2026-07-31 12:00,563,5,0,BM,SHORT,60,True
Berita Harian,PRN NS: Jalaluddin calon nombor satu MB Negeri Sembilan jika BN menang - Ahmad Zahid,https://www.youtube.com/watch?v=fUqxPuNFNmQ,2026-07-24 12:00,0,10,0,BM,SHORT,60,True
Berita Harian,"BN kembali terajui Negeri Sembilan selepas 8 tahun, bentuk kerajaan negeri bersama PN",https://www.youtube.com/watch?v=fctMw6nHacs,2026-08-01 12:00,0,107,0,BM,SHORT,60,True
Berita Harian,"PRN NS: Hormati bahan kempen lawan, jangan sabotaj - Tok Mat",https://www.youtube.com/watch?v=ffsNA2TwZaU,2026-07-26 12:00,445,0,0,BM,VIDEO,105,True
Berita Harian,"ADUN Juasseh, Datuk Ismail Lasim MB Negeri Sembilan kesembilan",https://www.youtube.com/watch?v=fkazpsPCTxo,2026-08-01 12:00,888,1,0,BM,VIDEO,147,True
Berita Harian,PRNNS: 'Dua penggal kerjanya potong reben sahaja' - Tok Mat,https://www.youtube.com/watch?v=fmRilE-YApo,2026-07-23 12:00,2500,12,0,EN,VIDEO,115,True
Berita Harian,"PRN Negeri Sembilan: 103 calon bersaing, paling muda 23 tahun, tertua 70 tahun",https://www.youtube.com/watch?v=fzJ4obvQicY,2026-07-18 12:00,367,2,0,BM,VIDEO,184,True
Berita Harian,PRN NS: Dr Azizul Hakim bantu pemandu kemalangan terlanggar anak lembu,https://www.youtube.com/watch?v=gDAfKh5K26o,2026-07-22 12:00,0,6,0,EN,SHORT,60,True
Berita Harian,PRN NS: 51.58 peratus keluar mengundi setakat 2 petang - SPR,https://www.youtube.com/watch?v=gqJ-gkmW4L4,2026-08-01 12:00,773,1,0,BM,SHORT,60,True
Berita Harian,PRN Negeri Sembilan: Saingan berbeza tiga 'warlord',https://www.youtube.com/watch?v=gqoAK2wf4fc,2026-07-17 12:00,0,7,0,EN,SHORT,60,True
Berita Harian,"Dakwaan BN, PN tak serasi di Negeri Sembilan, ini jawapan Zahid Hamidi",https://www.youtube.com/watch?v=gtzVxKRM-fc,2026-07-29 12:00,2100,4,0,BM,VIDEO,75,True
Berita Harian,"Biodata MB Negeri Sembilan, Datuk Ismail Lasim",https://www.youtube.com/watch?v=hcyZxQpCWFI,2026-08-01 12:00,0,162,0,BM,SHORT,60,True
Berita Harian,"NS State Election: Respect opponent's campaign materials, no sabotage - Tok Mat",https://www.youtube.com/watch?v=jA14ySIAM6o,2026-07-26 12:00,0,9,0,EN,SHORT,60,True
Berita Harian,"PRN Negeri Sembilan: 'Kempen secara sihat, matang... ' -  Johari",https://www.youtube.com/watch?v=jMYJU3RJoBI,2026-07-17 12:00,570,3,0,BM,SHORT,60,True
Berita Harian,Tuanku Muhriz ingatkan ADUN Negeri Sembilan dahulukan kepentingan rakyat,https://www.youtube.com/watch?v=jXtdTYsWPcA,2026-08-01 12:00,0,32,0,BM,SHORT,60,True
Berita Harian,"PRN NS: 'BN dan PAS tak bergabung, abaikan fitnah' – Tok Mat",https://www.youtube.com/watch?v=kZ7pWkjnD3k,2026-07-24 12:00,0,14,0,EN,SHORT,60,True
Berita Harian,"Negeri Sembilan State Election: 'PAS members must vote, choose BN and PN candidates'",https://www.youtube.com/watch?v=lP7YfAFpkBI,2026-07-21 12:00,0,17,0,EN,SHORT,60,True
Berita Harian,"PRN Negeri Sembilan: 'Kempen secara sihat, matang...' - Johari",https://www.youtube.com/watch?v=lTAa5o8g324,2026-07-17 12:00,148,0,0,BM,VIDEO,148,True
Berita Harian,PRN Negeri Sembilan: Pakai topi keledar ketika berkempen dengan motosikal - Loke,https://www.youtube.com/watch?v=nHJXhl-YmZo,2026-07-19 12:00,369,2,0,BM,VIDEO,183,True
Berita Harian,PRNNS: 'Dua penggal kerjanya potong reben sahaja' -  Tok Mat,https://www.youtube.com/watch?v=nHTANkN16Jw,2026-07-23 12:00,0,110,0,EN,SHORT,60,True
Berita Harian,PRN Negeri Sembilan: 18 pusat undi awal ditutup 12 tengah hari ini,https://www.youtube.com/watch?v=nrLpPvdG-QM,2026-07-28 12:00,0,13,0,BM,SHORT,60,True
Berita Harian,"PRN NS: Kawalan ketat di Istana Yang di-Pertuan Besar, penyokong diminta bertenang",https://www.youtube.com/watch?v=opi5mYgJDS4,2026-08-01 12:00,1500,14,0,BM,VIDEO,144,True
Berita Harian,"""Ada 6 hari lagi untuk kempen... saya tak fikir Sanusi perlu datang Negeri Sembilan"" - Zahid",https://www.youtube.com/watch?v=pA25I705rKQ,2026-07-25 12:00,0,7,0,BM,SHORT,60,True
Berita Harian,PRN NS: Dr Azizul Hakim bantu pemandu kemalangan terlanggar anak lembu,https://www.youtube.com/watch?v=qcUtx2ZI_0Q,2026-07-22 12:00,161,1,0,EN,VIDEO,72,True
Berita Harian,#infografik Kerusi tumpuan PRN Negeri Sembilan ke-16,https://www.youtube.com/watch?v=qfUhO1QcHaY,2026-07-27 12:00,524,2,0,BM,SHORT,60,True
Berita Harian,"‘Hebatkan Semula Negeri Sembilan’, komitmen BN yang realistik",https://www.youtube.com/watch?v=rVaLsVomQ4g,2026-07-29 12:00,88,1,0,BM,VIDEO,3090,True
Berita Harian,Sentimen tolak PH di Negeri Sembilan yakinkan BERSATU menang 15 kerusi - Tun Faisal,https://www.youtube.com/watch?v=sCCo05fvaE8,2026-07-24 12:00,1600,0,0,BM,VIDEO,2893,True
Berita Harian,PRN Negeri Sembilan: Proses pengiraan undi bermula,https://www.youtube.com/watch?v=tAeirAjG2eo,2026-08-01 12:00,0,5,0,BM,SHORT,60,True
Berita Harian,"PH lancar manifesto PRN Negeri Sembilan, garis 10 komitmen utama",https://www.youtube.com/watch?v=tVqufa_eKhc,2026-07-20 12:00,263,2,0,BM,VIDEO,93,True
Berita Harian,PRN NS: Tok Mat harap peratus keluar mengundi cecah 75 peratus,https://www.youtube.com/watch?v=uIY6H02ck6o,2026-07-31 12:00,0,17,0,BM,SHORT,60,True
Berita Harian,PRNNS: Tiada perbincangan PRU16 lebih awal - Zahid,https://www.youtube.com/watch?v=uOnJ8jXGyj4,2026-07-26 12:00,423,4,0,EN,VIDEO,140,True
Berita Harian,Zahid persembah tiga nama calon MB Negeri Sembilan kepada Tuanku Muhriz,https://www.youtube.com/watch?v=vXhN_3o3FTQ,2026-08-01 12:00,8000,30,0,BM,VIDEO,155,True
Berita Harian,"Senarai EXCO Negeri Sembilan muktamad selewatnya Jumaat, 10 orang paling sesuai - Ismail Lasim",https://www.youtube.com/watch?v=x72UWObkYNw,2026-08-02 12:00,0,49,0,BM,SHORT,60,True
Berita Harian,PRN N9: Projek Pelabuhan Pintar AI di Port Dickson tak babitkan pengambilan tanah -  Aminuddin,https://www.youtube.com/watch?v=xr8Sc_blMw0,2026-07-27 12:00,253,1,0,EN,VIDEO,74,True
Berita Harian,Siapa calon MB Negeri Sembilan?,https://www.youtube.com/watch?v=yDMrOXylFgw,2026-08-01 12:00,0,143,0,BM,SHORT,60,True
Berita Harian,PRN NS: Semua 401 pusat mengundi dibuka 8 pagi,https://www.youtube.com/watch?v=ySo0uFK5XZk,2026-07-31 12:00,0,27,0,BM,SHORT,60,True
Berita Harian,Zahid persembah tiga nama calon MB Negeri Sembilan kepada Tuanku Muhriz,https://www.youtube.com/watch?v=zKWpsLDfLmo,2026-08-01 12:00,0,34,0,BM,SHORT,60,True
Berita Harian,PRN Negeri Sembilan: Saingan berbeza tiga 'warlord',https://www.youtube.com/watch?v=zMWQjHbsRf8,2026-07-17 12:00,2500,5,0,BM,VIDEO,110,True
Berita Harian,Pizza kayu api idea tiga beradik meriahkan PRN Negeri Sembilan,https://www.youtube.com/watch?v=zQpn5R_gziM,2026-07-30 12:00,324,6,0,BM,VIDEO,254,True
Astro Awani,"N. Sembilan Memilih: Rantau jadi perhatian, bukan kerana siapa menang atau kalah",https://www.youtube.com/watch?v=-3SL9tH34pw,2026-07-31 12:00,772,4,0,EN,VIDEO,180,True
Astro Awani,[DATA & STATISTIK] Daftar pemilih PRN Negeri Sembilan 2026,https://www.youtube.com/watch?v=-QKD1cd74RM,2026-07-17 12:00,644,9,0,BM,VIDEO,407,True
Astro Awani,AWANI Ringkas: Negeri Sembilan cuti peristiwa esok,https://www.youtube.com/watch?v=-dY3Cfs7DOE,2026-08-02 12:00,312,5,0,BM,SHORT,60,True
Astro Awani,"N.Sembilan Memilih: PN lulus rundingan agihan kerusi DUN, benarkan penggunaan lambang gabungan",https://www.youtube.com/watch?v=0OLcx7BNj0M,2026-07-16 12:00,8800,52,0,BM,VIDEO,112,True
Astro Awani,Buletin AWANI Khas: N.Sembilan Memilih | Demokrasi dan warisan adat,https://www.youtube.com/watch?v=0z_nqxOMfUg,2026-07-30 12:00,1100,8,0,BM,VIDEO,1574,True
Astro Awani,"Calon tertua PRN Negeri Sembilan berusia 70 tahun, termuda 23 tahun",https://www.youtube.com/watch?v=1HuXCJtSaY0,2026-07-17 12:00,306,1,0,BM,SHORT,51,True
Astro Awani,N. Sembilan Memilih: Reaksi calon berkenaan tanah lecak sekat rezeki peniaga pasar malam,https://www.youtube.com/watch?v=1_KVB3GaX6E,2026-07-26 12:00,131,2,0,BM,VIDEO,168,True
Astro Awani,SPR uji Sistem OCR-VA dalam projek rintis PRN N. Sembilan,https://www.youtube.com/watch?v=1bigiStgVhM,2026-08-01 12:00,236,5,0,BM,VIDEO,121,True
Astro Awani,[DATA & STATISTIK] Urusan Penamaan Calon | PRN Negeri Sembilan 2026,https://www.youtube.com/watch?v=1wtAmYcDld4,2026-07-17 12:00,2500,12,0,BM,VIDEO,295,True
Astro Awani,PRN Negeri Sembilan: UMNO sahut kehendak pengundi dahagakan agenda politik Melayu – AJK UMNO,https://www.youtube.com/watch?v=2B2ZPTU-j-Y,2026-07-16 12:00,2100,11,0,BM,VIDEO,358,True
Astro Awani,N. Sembilan Memilih: Antara kerusi panas PRN Negeri Sembilan ke-16,https://www.youtube.com/watch?v=2OlyQDYExP4,2026-07-31 12:00,2800,22,0,BM,VIDEO,217,True
Astro Awani,AWANI Ringkas: PRN Negeri Sembilan bermula esok,https://www.youtube.com/watch?v=2PQKRHadrwQ,2026-07-16 12:00,1500,9,0,BM,SHORT,60,True
Astro Awani,SPR sahkan 103 calon bertanding pada PRN Negeri Sembilan,https://www.youtube.com/watch?v=411LjECmgmU,2026-07-17 12:00,112,1,0,BM,VIDEO,97,True
Astro Awani,N.Sembilan Memilih: Pembangunan wanita terus jadi keutamaan - Mohd Faizal,https://www.youtube.com/watch?v=41DXzoIdgyE,2026-07-23 12:00,53,2,0,EN,VIDEO,85,True
Astro Awani,PN umum 11 calon pertama PRN Negeri Sembilan,https://www.youtube.com/watch?v=4ZIaaF4PHCQ,2026-07-16 12:00,665,28,0,BM,SHORT,59,True
Astro Awani,30 calon hilang deposit dalam PRN Negeri Sembilan,https://www.youtube.com/watch?v=4x089vnkqEY,2026-08-01 12:00,749,1,0,BM,SHORT,60,True
Astro Awani,PRN Negeri Sembilan: “Saya bukan lari dari Sikamat” - Aminuddin,https://www.youtube.com/watch?v=57FFFR7gTnc,2026-07-16 12:00,679,9,0,BM,VIDEO,99,True
Astro Awani,Anwar dijangka turun berkempen PRN Negeri Sembilan,https://www.youtube.com/watch?v=5HysR40bWG8,2026-07-20 12:00,813,7,0,BM,VIDEO,72,True
Astro Awani,"PRN Negeri Sembilan: Belia faham kenapa harga mahal, tuntut gaji bermaruah – Impact Malaysia",https://www.youtube.com/watch?v=6sw7vSxWZUE,2026-07-24 12:00,268,4,0,BM,VIDEO,349,True
Astro Awani,Buletin AWANI Khas: N.Sembilan Memilih | Penyertaan calon wanita menepati komposisi,https://www.youtube.com/watch?v=7FQyb5IUsq0,2026-07-22 12:00,837,5,0,BM,VIDEO,1399,True
Astro Awani,Buletin AWANI Khas: Negeri Sembilan Memilih | Memahami sentimen awal pengundi,https://www.youtube.com/watch?v=7G3SX-aw7kw,2026-07-19 12:00,2900,14,0,BM,VIDEO,1435,True
Astro Awani,Negeri Sembilan government will continue to support the royal institution - MB,https://www.youtube.com/watch?v=7GPa6f0rJhk,2026-08-02 12:00,0,17,0,BM,SHORT,60,True
Astro Awani,"N. Sembilan Memilih: Tiga kali Labu berubah, Apa akan jadi esok?",https://www.youtube.com/watch?v=7gctdYZJwRI,2026-07-31 12:00,2700,17,0,BM,VIDEO,280,True
Astro Awani,Zahid nafi persefahaman PN-BN di Negeri Sembilan retak,https://www.youtube.com/watch?v=7v27g-iEp2I,2026-07-27 12:00,0,54,0,EN,SHORT,60,True
Astro Awani,"N.Sembilan Memilih: Sendayan, MVV bukti perancangan pembangunan jangka panjang",https://www.youtube.com/watch?v=8NLsghCzbRY,2026-07-26 12:00,348,2,0,EN,VIDEO,292,True
Astro Awani,Istana Negeri Sembilan menafikan sebarang penglibatan dengan mana-mana parti politik,https://www.youtube.com/watch?v=9Y_3UBaJsMU,2026-07-27 12:00,171,4,0,BM,VIDEO,81,True
Astro Awani,N.Sembilan Memilih: Perkembangan Pilihan Raya Negeri (PRN) Negeri Sembilan bagi DUN Sikamat,https://www.youtube.com/watch?v=9cyqnxU3JiA,2026-07-31 12:00,8300,52,0,BM,VIDEO,766,True
Astro Awani,[TERKINI] Sidang media Ketua Polis Negeri Sembilan,https://www.youtube.com/watch?v=A8NICjAVgBE,2026-07-17 12:00,2900,52,0,BM,VIDEO,452,True
Astro Awani,N.Sembilan Memilih: Polis lulus 19 permit ceramah kempen PRN Negeri Sembilan,https://www.youtube.com/watch?v=AB-5N4VkGbw,2026-07-18 12:00,123,3,0,BM,VIDEO,80,True
Astro Awani,N.Sembilan Memilih: MUDA umum sokongan kepada calon-calon Blok Progresif,https://www.youtube.com/watch?v=Ank_07_eVZA,2026-07-16 12:00,13000,37,0,BM,VIDEO,90,True
Astro Awani,Datuk Ismail Lasim angkat sumpah jawatan Menteri Besar Negeri Sembilan,https://www.youtube.com/watch?v=B78rosgASKQ,2026-08-01 12:00,4900,32,0,BM,VIDEO,99,True
Astro Awani,N.Sembilan Memilih: Anwar mohon rakyat beri mandat kukuh kepada PH,https://www.youtube.com/watch?v=BFAK3F-uDjk,2026-07-18 12:00,1000,8,0,BM,VIDEO,76,True
Astro Awani,"PRN Negeri Sembilan: ""Ada gelombang merah bunga raya"" - Calon BERSATU DUN Paroi",https://www.youtube.com/watch?v=BvwSvEAipV8,2026-07-30 12:00,643,7,0,BM,VIDEO,219,True
Astro Awani,Buletin AWANI Khas: Pasca PRN Negeri Sembilan,https://www.youtube.com/watch?v=C4yPIpiNINA,2026-08-02 12:00,6300,28,0,BM,VIDEO,1657,True
Astro Awani,"N.Sembilan Memilih: Aminuddin ingatkan ahli politik jaga adab, integriti sepanjang kempen",https://www.youtube.com/watch?v=C6Tpd9pDWLE,2026-07-20 12:00,727,8,0,BM,VIDEO,90,True
Astro Awani,"DAP akur keputusan PRN Negeri Sembilan, mahu baiki kelemahan",https://www.youtube.com/watch?v=CB8u_d5gBN4,2026-08-01 12:00,3700,25,0,BM,VIDEO,108,True
Astro Awani,"PRN Negeri Sembilan: Polis, tentera tunai tanggungjawab undi awal hari ini",https://www.youtube.com/watch?v=CkmMl1dMDwM,2026-07-27 12:00,843,21,0,BM,VIDEO,125,True
Astro Awani,"DAP akur keputusan PRN Negeri Sembilan, mahu baiki kelemahan",https://www.youtube.com/watch?v=DePR8ikOsnk,2026-08-01 12:00,0,8,0,BM,SHORT,60,True
Astro Awani,[INFOGRAFIK] Liputan Komprehensif PRN Negeri Sembilan,https://www.youtube.com/watch?v=DmY1xlNTiN0,2026-07-17 12:00,132,1,0,BM,SHORT,46,True
Astro Awani,Consider This: Negeri Sembilan Polls — A Test of New Political Alliances,https://www.youtube.com/watch?v=E2C8BHQZNbM,2026-07-20 12:00,11000,0,0,EN,VIDEO,1671,True
Astro Awani,[INFOGRAFIK] Kerusi Tumpuan N.13 Sikamat | PRN Negeri Sembilan,https://www.youtube.com/watch?v=EGOdIXwXmHs,2026-07-17 12:00,218,1,0,BM,SHORT,43,True
Astro Awani,"“Jangan ambil peduli semua itu dengan Pilihanraya Negeri Sembilan. Tak ado kono mengono!""",https://www.youtube.com/watch?v=EYCO_qf3GdM,2026-07-30 12:00,0,441,0,BM,SHORT,60,True
Astro Awani,Buletin AWANI Khas: Negeri Sembilan Memilih | Mengupas Manifesto Pakatan Harapan,https://www.youtube.com/watch?v=Em9yhyJayyQ,2026-07-21 12:00,885,7,0,EN,VIDEO,1431,True
Astro Awani,MB isytihar Negeri Sembilan cuti peristiwa pada Isnin,https://www.youtube.com/watch?v=FAU6JXx7E1Q,2026-08-02 12:00,0,8,0,BM,SHORT,60,True
Astro Awani,Rel terus ke Pelabuhan Klang pacu ekonomi Negeri Sembilan,https://www.youtube.com/watch?v=FHeSPaUsNqs,2026-07-20 12:00,0,44,0,BM,SHORT,60,True
Astro Awani,"Negeri Sembilan Chief Minister declares public holiday this Monday, August 3",https://www.youtube.com/watch?v=FfpBKpcbBfM,2026-08-01 12:00,0,107,0,EN,SHORT,60,True
Astro Awani,Buletin AWANI Khas: N.Sembilan Memilih | Jangan serang rakan dalam Kerajaan Persekutuan,https://www.youtube.com/watch?v=GKAWbMKyWks,2026-07-20 12:00,1900,8,0,BM,VIDEO,1583,True
Astro Awani,SPR laksana sistem OCR-VA pada PRN Negeri Sembilan,https://www.youtube.com/watch?v=HVXqweF-NJY,2026-07-30 12:00,362,6,0,BM,VIDEO,113,True
Astro Awani,"Negeri Sembilan Memilih: PH fokus kekuatan sendiri, tidak gentar strategi BN, PN",https://www.youtube.com/watch?v=IcHWDdvWksk,2026-07-16 12:00,4500,40,0,BM,VIDEO,117,True
Astro Awani,"N  Sembilan Memilih  Undi awal DUN Temiang lancar, disiplin anggota main peranan   SPR",https://www.youtube.com/watch?v=IiKKkr1epaQ,2026-07-28 12:00,0,28,0,BM,SHORT,60,True
Astro Awani,Jadual padat Anwar perkukuh kempen PH di Negeri Sembilan,https://www.youtube.com/watch?v=IlKvKniaId4,2026-07-28 12:00,778,4,0,BM,SHORT,60,True
Astro Awani,"PRN Negeri Sembilan: Belia mahu pembangunan berorientasikan transit, jimat kos",https://www.youtube.com/watch?v=JL9m-ADKwXQ,2026-07-24 12:00,166,3,0,BM,VIDEO,241,True
Astro Awani,Polis lulus 19 permit ceramah kempen PRN Negeri Sembilan,https://www.youtube.com/watch?v=JNuZtJk6YSE,2026-07-18 12:00,976,4,0,BM,SHORT,60,True
Astro Awani,"N.Sembilan Memilih: Cari rezeki di Kuala Lumpur, pulang tidur di Seremban",https://www.youtube.com/watch?v=JRAY-7bncOc,2026-07-20 12:00,1500,4,0,EN,VIDEO,171,True
Astro Awani,Nicole lakar strategi ubah imej destinasi transit Negeri Sembilan,https://www.youtube.com/watch?v=JajtQZom3wQ,2026-07-24 12:00,82,0,0,EN,VIDEO,217,True
Astro Awani,Zahid nafi persefahaman PN-BN di Negeri Sembilan retak,https://www.youtube.com/watch?v=JbWYpjGTIwA,2026-07-27 12:00,1600,4,0,BM,VIDEO,155,True
Astro Awani,N.Sembilan Memilih: Tanah lecak sekat rezeki peniaga pasar malam,https://www.youtube.com/watch?v=JxGwrrIUQgc,2026-07-26 12:00,277,2,0,EN,VIDEO,161,True
Astro Awani,[DATA & STATISTIK] Struktur Ekonomi Negeri Sembilan | PRN Negeri Sembilan 2026,https://www.youtube.com/watch?v=K7bAJjOu2O0,2026-07-17 12:00,220,4,0,BM,VIDEO,852,True
Astro Awani,"Buletin AWANI Khas: N.Sembilan Memilih | Bertempur di Negeri Sembilan, berdamai di Putrajaya",https://www.youtube.com/watch?v=Kf0fOBYhaVw,2026-07-24 12:00,1400,9,0,BM,VIDEO,1422,True
Astro Awani,Dominasi PRN Negeri Sembilan bukti kerjasama BN-PN berkesan,https://www.youtube.com/watch?v=KmQtPspC5Z8,2026-08-02 12:00,2000,25,0,BM,VIDEO,95,True
Astro Awani,Istana Negeri Sembilan nafi penglibatan mana mana parti politik,https://www.youtube.com/watch?v=LOGgWtw21oY,2026-07-26 12:00,0,46,0,BM,SHORT,60,True
Astro Awani,"N.Sembilan Memilih: MUDA tidak bertanding, fokus perkukuh parti hadapi PRU16",https://www.youtube.com/watch?v=LhG7l8V53PQ,2026-07-16 12:00,383,4,0,BM,VIDEO,90,True
Astro Awani,Ismail Lasim dilantik Menteri Besar Negeri Sembilan,https://www.youtube.com/watch?v=LqNGZV6aOhg,2026-08-01 12:00,3700,27,0,BM,VIDEO,95,True
Astro Awani,Negeri Sembilan Memilih: Proses undi awal di IPK Seremban,https://www.youtube.com/watch?v=M3IBiEF26R8,2026-07-27 12:00,1900,8,0,BM,VIDEO,588,True
Astro Awani,PRN Negeri Sembilan: Pengundi muda 'trauma' pilih calon tidak berprestasi – Belia,https://www.youtube.com/watch?v=MQaKV8sIJdM,2026-07-24 12:00,328,1,0,BM,VIDEO,298,True
Astro Awani,N.Sembilan Memilih: Suara masyarakat Kuala Pilah menjelang PRN,https://www.youtube.com/watch?v=MWiaZqUpVPI,2026-07-20 12:00,4000,21,0,EN,VIDEO,601,True
Astro Awani,"PRN N. Sembilan: Cuaca baik pagi, hujan petang",https://www.youtube.com/watch?v=Mt24VUdWjjM,2026-07-30 12:00,115,3,0,EN,SHORT,49,True
Astro Awani,PRN Negeri Sembilan: PH belum tonjol strategi kempen berbisa – ILHAM Centre,https://www.youtube.com/watch?v=N8Y_0Y0HbEA,2026-07-21 12:00,894,7,0,BM,VIDEO,89,True
Astro Awani,[PROMO] Negeri Sembilan Memilih 2026,https://www.youtube.com/watch?v=NUJGM7Msk6U,2026-07-23 12:00,352,2,0,EN,VIDEO,81,True
Astro Awani,[INFOGRAFIK] Kerusi Tumpuan N.01 Chennah | PRN Negeri Sembilan,https://www.youtube.com/watch?v=NtmrTO73Pso,2026-07-17 12:00,159,0,0,BM,SHORT,43,True
Astro Awani,Buletin AWANI Khas: N.Sembilan Memilih | Apa sentimen pengundi terhadap kerjasama parti politik?,https://www.youtube.com/watch?v=NvZYuXgCpi8,2026-07-23 12:00,2600,14,0,BM,VIDEO,1495,True
Astro Awani,[DATA & STATISTIK] Kerusi bertukar tangan pada PRN Negeri Sembilan 2023,https://www.youtube.com/watch?v=OKTm_tvNddc,2026-08-01 12:00,11000,53,0,BM,VIDEO,132,True
Astro Awani,Perkembangan di Pejabat Pilihan Raya Negeri,https://www.youtube.com/watch?v=OKxcYfKypWY,2026-08-01 12:00,5000,22,0,BM,VIDEO,410,True
Astro Awani,"N.Sembilan Memilih: AMH gesa Menteri, Timbalan Menteri BN letak jawatan Kabinet",https://www.youtube.com/watch?v=OOr70Od4do0,2026-07-18 12:00,2000,25,0,BM,VIDEO,92,True
Astro Awani,N. Sembilan dua kelajuan: Merapatkan jurang pembangunan antara daerah,https://www.youtube.com/watch?v=P9zhnM5yIr4,2026-07-27 12:00,231,2,0,EN,VIDEO,707,True
Astro Awani,N.Sembilan Memilih: Penduduk di sempadan terima limpahan ekonomi KLIA,https://www.youtube.com/watch?v=PZygiSgv7Gw,2026-07-18 12:00,390,6,0,EN,VIDEO,278,True
Astro Awani,"N. Sembilan Memilih: Penduduk nikmati kemajuan MVV, wujud juga keluhan",https://www.youtube.com/watch?v=QK_oIERdkug,2026-07-22 12:00,2000,14,0,EN,VIDEO,623,True
Astro Awani,BN-PN menang PRN Negeri Sembilan - SPR,https://www.youtube.com/watch?v=Qgp8F-n1DzE,2026-08-01 12:00,1300,25,0,BM,VIDEO,99,True
Astro Awani,Ismail Lasim dilantik Menteri Besar Negeri Sembilan shahas,https://www.youtube.com/watch?v=R4TqjdEc8Ok,2026-08-01 12:00,0,211,0,BM,SHORT,60,True
Astro Awani,Pasca PRN Negeri Sembilan: Ekonomi Jadi Ukuran Sebenar,https://www.youtube.com/watch?v=Ra28125DpMg,2026-08-02 12:00,790,4,0,BM,VIDEO,727,True
Astro Awani,SPR laksana sistem OCR VA pada PRN Negeri Sembilan,https://www.youtube.com/watch?v=RecFwN97Mp4,2026-07-30 12:00,0,16,0,BM,SHORT,60,True
Astro Awani,[DATA & STATISTIK] Dapatan tinjauan ILHAM Centre | PRN N.Sembilan,https://www.youtube.com/watch?v=RpRJ61mUCmU,2026-07-31 12:00,4600,32,0,EN,VIDEO,360,True
Astro Awani,[DATA & STATISTIK] Senarai parti bertanding di PRN Negeri Sembilan 2026,https://www.youtube.com/watch?v=TbEWVqy82L8,2026-08-01 12:00,5500,28,0,BM,VIDEO,257,True
Astro Awani,Negeri Sembilan state government will continue to support the royal institution - MB,https://www.youtube.com/watch?v=U7Ra2YLvdrE,2026-08-02 12:00,523,3,0,BM,VIDEO,83,True
Astro Awani,Nicole lakar strategi ubah imej destinasi transit Negeri Sembilan,https://www.youtube.com/watch?v=UNqHZ0wM8RM,2026-07-24 12:00,373,6,0,EN,VIDEO,217,True
Astro Awani,[TERKINI] Sidang media SPR bagi urusan hari penamaan PRN Negeri Sembilan,https://www.youtube.com/watch?v=US1Ds2TC3oo,2026-07-17 12:00,1600,4,0,BM,VIDEO,266,True
Astro Awani,[INFOGRAFIK] Kerusi Tumpuan N.20 Labu | PRN Negeri Sembilan,https://www.youtube.com/watch?v=UZ3wOPXmGbw,2026-07-25 12:00,241,2,0,BM,SHORT,44,True
Astro Awani,AWANI Ringkas: Siapa jadi pilihan di Negeri Sembilan?,https://www.youtube.com/watch?v=VA2X58FIN2c,2026-07-31 12:00,261,1,0,BM,SHORT,60,True
Astro Awani,AWANI Ringkas: Undi awal PRN Negeri Sembilan,https://www.youtube.com/watch?v=WBGcuRABdcA,2026-07-27 12:00,352,4,0,BM,SHORT,60,True
Astro Awani,30 calon hilang deposit dalam PRN Negeri Sembilan,https://www.youtube.com/watch?v=Wf7D1qxprhA,2026-08-01 12:00,2500,12,0,BM,VIDEO,75,True
Astro Awani,N.Sembilan Memilih: Apa belia DUN Palong mahu?,https://www.youtube.com/watch?v=X3yJVEfEm88,2026-07-26 12:00,1800,22,0,EN,VIDEO,344,True
Astro Awani,Imbasan sejarah pemilihan PRN Negeri Sembilan 2013-2023,https://www.youtube.com/watch?v=X6U0cMDd078,2026-08-01 12:00,0,64,0,EN,SHORT,60,True
Astro Awani,Buletin AWANI Khas: N.Sembilan Memilih | Sentimen Dan Fokus Pengundi,https://www.youtube.com/watch?v=XqjthKSwJ-U,2026-07-28 12:00,1700,10,0,BM,VIDEO,1500,True
Astro Awani,[INFOGRAFIK] Urusan Penamaan Calon PRN Negeri Sembilan Ke-16,https://www.youtube.com/watch?v=YA5ksyxCu1I,2026-07-20 12:00,757,5,0,BM,SHORT,54,True
Astro Awani,Istana Negeri Sembilan menafikan sebarang penglibatan dengan mana-mana parti politik,https://www.youtube.com/watch?v=YDqQBizorOs,2026-07-27 12:00,0,16,0,BM,SHORT,60,True
Astro Awani,"Dialog Anak Muda: Rentak Pembangunan, Demokrasi Belia Negeri Sembilan",https://www.youtube.com/watch?v=YQ4HZheiYJU,2026-07-24 12:00,448,0,0,BM,VIDEO,3476,True
Astro Awani,Buletin AWANI Khas: N. Sembilan Memilih | Parti atau calon pilihan pengundi Negeri Sembilan?,https://www.youtube.com/watch?v=YxNBSyuLfMU,2026-07-16 12:00,3800,26,0,BM,VIDEO,1557,True
Astro Awani,DAP Negeri Sembilan mahu Loke kekal pengerusi,https://www.youtube.com/watch?v=Z12Zjh3RiD8,2026-08-02 12:00,2000,22,0,BM,VIDEO,73,True
Astro Awani,N.Sembilan memilih: PRN N.Sembilan | Tawaran Semua Parti,https://www.youtube.com/watch?v=ZFKYN5v4KSI,2026-07-31 12:00,2100,0,0,BM,VIDEO,3395,True
Astro Awani,[DATA & STATISTIK] Ekonomi Negeri Sembilan | PRN N.Sembilan,https://www.youtube.com/watch?v=_1tePyRUSe8,2026-07-31 12:00,1200,6,0,BM,VIDEO,591,True
Astro Awani,Cuaca baik pagi hari undi awal PRN Negeri Sembilan,https://www.youtube.com/watch?v=_J61eL7uQXk,2026-07-27 12:00,131,2,0,BM,VIDEO,68,True
Astro Awani,Negeri Sembilan tarik balik dua darjah kebesaran Rais Yatim serta merta,https://www.youtube.com/watch?v=a62w_MCZVi8,2026-07-29 12:00,0,124,0,BM,SHORT,60,True
Astro Awani,INFOGRAFIK Urusan Penamaan Calon PRN Negeri Sembilan Ke 16,https://www.youtube.com/watch?v=aE90_LJI9X0,2026-07-20 12:00,0,9,0,BM,SHORT,60,True
Astro Awani,"N.Sembilan Memilih: Calon PH Rantau fokus isu kesihatan, belia dan TVET",https://www.youtube.com/watch?v=aHUgNlK9nkU,2026-07-26 12:00,477,11,0,BM,VIDEO,228,True
Astro Awani,Barisan Exco Negeri Sembilan dimuktamad seawal minggu depan - MB,https://www.youtube.com/watch?v=aZLxNhfRr_4,2026-08-02 12:00,697,0,0,BM,VIDEO,108,True
Astro Awani,Negeri Sembilan alami fenomena destinasi transit,https://www.youtube.com/watch?v=btNrOsSF9BU,2026-07-22 12:00,705,8,0,BM,VIDEO,375,True
Astro Awani,Rangkuman hari kelapan kempen PRN Negeri Sembilan ke-16,https://www.youtube.com/watch?v=cPKbWFsQQAY,2026-07-25 12:00,927,3,0,BM,VIDEO,335,True
Astro Awani,N.Sembilan Memilih: Warna-warni hari kedua kempen PRN Negeri Sembilan ke-16,https://www.youtube.com/watch?v=d4ofmbFHB8M,2026-07-18 12:00,8000,33,0,BM,VIDEO,372,True
Astro Awani,[INFOGRAFIK] Kerusi Tumpuan N.20 Labu | PRN Negeri Sembilan,https://www.youtube.com/watch?v=ePrBxqXisNg,2026-07-17 12:00,181,1,0,BM,SHORT,43,True
Astro Awani,Lelaki direman hina institusi Diraja Negeri Sembilan,https://www.youtube.com/watch?v=f79DbEEoj14,2026-07-21 12:00,4000,46,0,BM,VIDEO,74,True
Astro Awani,Rel terus ke Pelabuhan Klang pacu ekonomi Negeri Sembilan,https://www.youtube.com/watch?v=ffV8rAJkakc,2026-07-20 12:00,353,6,0,BM,VIDEO,102,True
Astro Awani,Suasana semasa di luar kediaman rasmi MB Negeri Sembilan,https://www.youtube.com/watch?v=fjWeI5tsgxQ,2026-08-01 12:00,21000,107,0,BM,VIDEO,221,True
Astro Awani,N.Sembilan Memilih: Tawaran untuk pengundi,https://www.youtube.com/watch?v=ftBbAwMIFN8,2026-07-23 12:00,773,6,0,BM,VIDEO,290,True
Astro Awani,[INFOGRAFIK] Kenali Negeri Sembilan,https://www.youtube.com/watch?v=hAaUTFE66ew,2026-08-01 12:00,179,2,0,BM,VIDEO,139,True
Astro Awani,"N. Sembilan Memilih: Undi awal DUN Temiang lancar, disiplin anggota main peranan - SPR",https://www.youtube.com/watch?v=hIDFO48ykUk,2026-07-28 12:00,149,2,0,BM,SHORT,52,True
Astro Awani,[TERKINI] Negeri Sembilan tarik balik dua darjah kebesaran Rais Yatim serta-merta,https://www.youtube.com/watch?v=hKoJBxbdV18,2026-07-29 12:00,3400,67,0,BM,SHORT,56,True
Astro Awani,Perkembangan di Pejabat Pilihan Raya Negeri,https://www.youtube.com/watch?v=hRZF1Jx3Gkw,2026-08-01 12:00,2200,8,0,BM,VIDEO,410,True
Astro Awani,Barisan Exco Negeri Sembilan dimuktamad seawal minggu depan - MB,https://www.youtube.com/watch?v=hu_3AtRW6kE,2026-08-02 12:00,0,4,0,BM,SHORT,60,True
Astro Awani,[TERKINI] Majlis Istiadat pelantikan dan mengangkat sumpah jawatan Menteri Besar Negeri Sembilan,https://www.youtube.com/watch?v=hwQn0AVfu2I,2026-08-01 12:00,16000,122,0,BM,VIDEO,2718,True
Astro Awani,"N.Sembilan Memilih: Tanding atas tiket Bersatu, Gerakan pecat keahlian Tang Jay Son",https://www.youtube.com/watch?v=iU9LTNEbh_M,2026-07-18 12:00,2000,6,0,EN,SHORT,58,True
Astro Awani,N. Sembilan Memilih: Ekonomi moden bukan lagi sekadar infrastruktur,https://www.youtube.com/watch?v=ifNO9A5E-aU,2026-07-28 12:00,0,7,0,EN,SHORT,60,True
Astro Awani,Kerusi majoriti tipis pada PRN Negeri Sembilan 2023,https://www.youtube.com/watch?v=isT0F0_7ias,2026-08-01 12:00,30000,166,0,BM,VIDEO,291,True
Astro Awani,N.Sembilan Memilih: BN tekasd perkasa pendidikan di Dun Linggi,https://www.youtube.com/watch?v=j24Qhs_hN60,2026-07-23 12:00,132,1,0,EN,VIDEO,160,True
Astro Awani,"""Tak perlu datang Negeri Sembilan"" - Zahid tegur Sanusi",https://www.youtube.com/watch?v=jw0mfvjz5yk,2026-07-25 12:00,4600,41,0,BM,VIDEO,124,True
Astro Awani,"N. Sembilan Memilih: Terokai Permainan Interaktif ""Misi Mengundi"" di Astro AWANI",https://www.youtube.com/watch?v=kQe--0cskzk,2026-07-31 12:00,1600,9,0,BM,VIDEO,736,True
Astro Awani,Bagaimana Negeri Sembilan cipta nilai ekonomi baharu?,https://www.youtube.com/watch?v=kVYOpRbspx8,2026-07-26 12:00,123,1,0,BM,VIDEO,643,True
Astro Awani,"[DATA & STATISTIK] Prestasi PH, BN dan PN di Negeri Sembilan",https://www.youtube.com/watch?v=kjBNm3hEau0,2026-08-01 12:00,18000,83,0,BM,VIDEO,323,True
Astro Awani,"N.Sembilan Memilih: Sidang media Setiausaha Agung DAP, Anthony Loke",https://www.youtube.com/watch?v=kl-wYur2FpU,2026-07-31 12:00,3000,17,0,EN,VIDEO,118,True
Astro Awani,[INFOGRAFIK] Kerusi Tumpuan N.02 Pertang | PRN Negeri Sembilan,https://www.youtube.com/watch?v=krN0b305TP4,2026-07-17 12:00,149,2,0,BM,SHORT,43,True
Astro Awani,N.Sembilan Memilih: Demografi pengundi Pilihan Raya Negeri (PRN) Negeri Sembilan ke-16,https://www.youtube.com/watch?v=lEXmeQ3Jd08,2026-07-31 12:00,6800,52,0,BM,VIDEO,900,True
Astro Awani,Buletin AWANI Khas: PRN Negeri Sembilan | Analisis sentimen pengundi di Linggi dan Lenggeng,https://www.youtube.com/watch?v=lKBWQnvUNgc,2026-07-27 12:00,4300,27,0,BM,VIDEO,1666,True
Astro Awani,Suasana semasa di luar Istana Hinggap Negeri Sembilan,https://www.youtube.com/watch?v=mC_qVYGNJ4c,2026-08-01 12:00,6400,51,0,BM,VIDEO,589,True
Astro Awani,"N.Sembilan Memilih: ""Sekarang ada masa, kerja dulu"" - Anwar komen dapatan tinjauan pendapat",https://www.youtube.com/watch?v=meT8_PouocY,2026-07-31 12:00,1400,7,0,EN,SHORT,29,True
Astro Awani,[TERKINI] Istana Negeri Sembilan nafi penglibatan mana-mana parti politik,https://www.youtube.com/watch?v=mi35aikS3aM,2026-07-26 12:00,830,10,0,BM,VIDEO,88,True
Astro Awani,[INFOGRAFIK] Kerusi Tumpuan N.32 Linggi | PRN Negeri Sembilan,https://www.youtube.com/watch?v=mzIYQyFs1U8,2026-07-17 12:00,141,0,0,BM,SHORT,43,True
Astro Awani,[INFOGRAFIK] Proses Penamaan Calon | PRN Negeri Sembilan 2026,https://www.youtube.com/watch?v=n8ptJ1GfGY4,2026-07-17 12:00,332,2,0,BM,SHORT,45,True
Astro Awani,14 kertas siasatan kesalahan PRN dibuka di Negeri Sembilan,https://www.youtube.com/watch?v=njRxu4c7Yks,2026-07-25 12:00,494,21,0,BM,VIDEO,96,True
Astro Awani,"Proses penamaan calon PRN Negeri Sembilan berjalan lancar, terkawal   PDRM",https://www.youtube.com/watch?v=nnDx5pSHk3k,2026-07-18 12:00,0,16,0,BM,SHORT,60,True
Astro Awani,N.Sembilan Memilih: Coretan pengundi PRN Negeri Sembilan ke-16 di media sosial,https://www.youtube.com/watch?v=okvU2I7drJs,2026-07-31 12:00,996,9,0,BM,VIDEO,249,True
Astro Awani,Dialog Tiga Penjuru: PRN Negeri Sembilan | Rakan atau lawan?,https://www.youtube.com/watch?v=p3G1jNtQIZw,2026-07-23 12:00,2000,0,0,BM,VIDEO,3488,True
Astro Awani,Anwar dijangka turun berkempen PRN Negeri Sembilan,https://www.youtube.com/watch?v=pehzniNoZ54,2026-07-20 12:00,0,187,0,BM,SHORT,60,True
Astro Awani,Kerajaan Negeri Sembilan teruskan dasar beri manfaat kepada rakyat - MB,https://www.youtube.com/watch?v=q6jd-ZUGVlk,2026-08-02 12:00,361,3,0,BM,VIDEO,65,True
Astro Awani,"Proses penamaan calon PRN Negeri Sembilan berjalan lancar, terkawal - PDRM",https://www.youtube.com/watch?v=qKD6e9E8q9Y,2026-07-18 12:00,183,1,0,BM,VIDEO,116,True
Astro Awani,PRN Negeri Sembilan: Tawar kestabilan untuk kuasa atau rakyat?,https://www.youtube.com/watch?v=qq02qMf4_eM,2026-07-16 12:00,420,3,0,BM,VIDEO,216,True
Astro Awani,N.Sembilan Memilih: Tok Mat tidak ambil mudah saingan pertahan DUN Rantau,https://www.youtube.com/watch?v=rQamsV66OGI,2026-07-26 12:00,958,4,0,BM,VIDEO,244,True
Astro Awani,BN PN menang PRN Negeri Sembilan   SPR,https://www.youtube.com/watch?v=s-tZiZDyths,2026-08-01 12:00,0,17,0,BM,SHORT,60,True
Astro Awani,"N.Sembilan Memilih: 22,339 anggota keselamatan, pasangan mengundi awal esok",https://www.youtube.com/watch?v=sBxRA6_2Fps,2026-07-26 12:00,116,1,0,BM,VIDEO,122,True
Astro Awani,"N.Sembilan Memilih: ‘Perpaduan ummah’ PN-BN atas niat kejahatan, perbalahan",https://www.youtube.com/watch?v=sL1AM9G_R8I,2026-07-23 12:00,1100,16,0,EN,VIDEO,137,True
Astro Awani,"N. Sembilan Memilih: Tinjauan Undian Awal, sentimen lapangan di DUN Bukit Kepayang",https://www.youtube.com/watch?v=t1s22huLRDg,2026-07-28 12:00,2100,16,0,EN,VIDEO,504,True
Astro Awani,PRN Negeri Sembilan: Mohd Faizal terbuka terima cabaran Aminuddin di Linggi,https://www.youtube.com/watch?v=tPzNH5-LBrE,2026-07-18 12:00,2100,17,0,BM,VIDEO,107,True
Astro Awani,Jadual padat Anwar perkukuh kempen PH di Negeri Sembilan,https://www.youtube.com/watch?v=txLBBxxK-Lw,2026-07-28 12:00,2200,29,0,BM,VIDEO,113,True
Astro Awani,N.Sembilan Memilih: Imbasan sejarah pemilihan PRN Negeri Sembilan 2013-2023,https://www.youtube.com/watch?v=u4yxSo_7c1A,2026-08-01 12:00,1400,8,0,EN,VIDEO,166,True
Astro Awani,[INFOGRAFIK] Keputusan rasmi PRN Negeri Sembilan 2026,https://www.youtube.com/watch?v=u58mRXKeqIw,2026-08-01 12:00,2200,22,0,BM,SHORT,35,True
Astro Awani,N. Sembilan Memilih: Tiga calon berentap di DUN Ampangan,https://www.youtube.com/watch?v=uSoz-rV_GPM,2026-07-31 12:00,663,2,0,BM,VIDEO,180,True
Astro Awani,[INFOGRAFIK] Kerusi Tumpuan N.27 Rantau | PRN Negeri Sembilan,https://www.youtube.com/watch?v=udeWbDAqLmw,2026-07-17 12:00,208,3,0,BM,SHORT,43,True
Astro Awani,AWANI Ringkas: 48 jam sebelum PRN Negeri Sembilan,https://www.youtube.com/watch?v=v2--q_hVoQg,2026-07-29 12:00,135,1,0,BM,SHORT,60,True
Astro Awani,MB isytihar Negeri Sembilan cuti peristiwa pada Isnin,https://www.youtube.com/watch?v=v5ryzrCvV8I,2026-08-02 12:00,783,7,0,BM,VIDEO,78,True
Astro Awani,AWANI Ringkas: DAP Negeri Sembilan mahu Loke kekal pengerusi,https://www.youtube.com/watch?v=v9wYBKNYCuI,2026-08-02 12:00,1600,7,0,BM,SHORT,60,True
Astro Awani,AWANI Ringkas: PRN Negeri Sembilan ke-16,https://www.youtube.com/watch?v=vRHdM5lyitU,2026-07-25 12:00,255,2,0,BM,SHORT,60,True
Astro Awani,[INFOGRAFIK] Pilihan Raya Negeri (PRN) Negeri Sembilan | Tarikh Penting PRN Negeri Sembilan,https://www.youtube.com/watch?v=vhxgYXDu5wA,2026-07-16 12:00,165,0,0,BM,SHORT,50,True
Astro Awani,"Dialog Tiga Penjuru: Selepas Johor,Tumpuan Beralih Ke Negeri Sembilan",https://www.youtube.com/watch?v=vmb6Lh5atQQ,2026-07-16 12:00,1900,0,0,BM,VIDEO,3344,True
Astro Awani,N.Sembilan Memilih: Perkembangan Pilihan Raya Negeri (PRN) Negeri Sembilan bagi DUN Serting,https://www.youtube.com/watch?v=vqY7uonHRnQ,2026-07-31 12:00,5000,26,0,BM,VIDEO,344,True
Astro Awani,N.Sembilan Memilih: Perkembangan Pilihan Raya Negeri (PRN) Negeri Sembilan bagi DUN Pertang,https://www.youtube.com/watch?v=x5y4oPKXOlE,2026-07-31 12:00,4000,26,0,BM,VIDEO,310,True
Astro Awani,Olek Salai: Resepi keluarga produk tradisi N.Sembilan,https://www.youtube.com/watch?v=y4wyd3xdkng,2026-07-30 12:00,459,11,0,EN,VIDEO,1092,True
Astro Awani,"Negeri Sembilan Memilih: Jari memberi mandat, siapa pilihan rakyat",https://www.youtube.com/watch?v=yObjic7EeLw,2026-08-01 12:00,3000,22,0,BM,VIDEO,5225,True
Astro Awani,14 kertas siasatan kesalahan PRN dibuka di Negeri Sembilan,https://www.youtube.com/watch?v=yQhBW94Ro1A,2026-07-25 12:00,0,63,0,BM,SHORT,60,True
Astro Awani,"PRN N. Sembilan:  Teka-teki 11 kerusi BN terjawab, PN umum baki calon",https://www.youtube.com/watch?v=yjWDuPHpFHE,2026-07-16 12:00,772,14,0,BM,VIDEO,88,True
Astro Awani,PRN Negeri Sembilan: Pengundi tidak kaitkan isu adat dengan kempen pilihan raya – ILHAM Centre,https://www.youtube.com/watch?v=yy07bbi_dG8,2026-07-21 12:00,520,3,0,BM,VIDEO,136,True
Astro Awani,N.Sembilan Memilih: Undi calon ke parti?,https://www.youtube.com/watch?v=zGxYY4e20Lk,2026-07-23 12:00,367,3,0,BM,VIDEO,230,True
Astro Awani,AWANI Ringkas: PM turun padang kempen di PRN Negeri Sembilan,https://www.youtube.com/watch?v=zK5VXNYH0Rg,2026-07-21 12:00,507,6,0,BM,SHORT,60,True
Sinar Harian,Negeri Sembilan State Election: Tun Faisal among 24 Bersatu candidates,https://www.youtube.com/watch?v=1iQskL7S9ak,2026-07-17 12:00,0,138,0,EN,SHORT,60,True
Sinar Harian,"'Ucapan Sanusi mungkin sesuai di Kedah saja, bukan di Negeri Sembilan' - Ahmad Zahid",https://www.youtube.com/watch?v=4CkfknNNo8E,2026-07-25 12:00,0,271,0,BM,SHORT,60,True
Sinar Harian,PRN Negeri Sembilan: Suasana di luar pintu utama Istana Hinggap,https://www.youtube.com/watch?v=7ptP-M1iSUM,2026-08-01 12:00,0,117,0,BM,SHORT,60,True
Sinar Harian,PRN Negeri Sembilan: Pengundi berkostum Maleficent curi perhatian di pusat mengundi,https://www.youtube.com/watch?v=9AX43w1t9Uc,2026-07-31 12:00,0,460,0,BM,SHORT,60,True
Sinar Harian,Negeri Sembilan State Election: Teo Nie Ching marches with supporters accompanying PH candidate,https://www.youtube.com/watch?v=CBKGq9VPyhk,2026-07-17 12:00,0,182,0,EN,SHORT,60,True
Sinar Harian,PRN Negeri Sembilan: Aminuddin yakin PH melepasi 19 kerusi,https://www.youtube.com/watch?v=EM1TReSr86E,2026-07-31 12:00,0,146,0,BM,SHORT,60,True
Sinar Harian,PRN Negeri Sembilan: Anggota polis mula tunai tanggungjawab undi awal,https://www.youtube.com/watch?v=O1bREwJEZTo,2026-07-27 12:00,0,137,0,BM,SHORT,60,True
Sinar Harian,KEYAKINAN TOK JALAL DI NEGERI SEMBILAN,https://www.youtube.com/watch?v=Q1__XkZabvU,2026-07-25 12:00,1400,14,0,BM,VIDEO,1901,True
Sinar Harian,[Kiraan semasa] PRN Negeri Sembilan: BN mendahului di DUN Rantau,https://www.youtube.com/watch?v=QMeFnVgfLg0,2026-08-01 12:00,0,228,0,BM,SHORT,60,True
Sinar Harian,'Tak mahu kerajaan BN di Negeri Sembilan jadi seperti telur di hujung tanduk' - Wan Ahmad Fayhsal,https://www.youtube.com/watch?v=R6trZRyarRc,2026-07-28 12:00,0,79,0,BM,SHORT,60,True
Sinar Harian,PRN Negeri Sembilan: Jangan campur adukkan adat dengan politik – Mohamad Hasan,https://www.youtube.com/watch?v=Rm_rExBIRok,2026-07-17 12:00,0,220,0,BM,SHORT,60,True
Sinar Harian,Suasana di Kompleks Pas Negeri Sembilan,https://www.youtube.com/watch?v=XBrzz1jXsyU,2026-08-01 12:00,0,703,0,BM,SHORT,60,True
Sinar Harian,[INTERVIU] ORANG NEGERI SEMBILAN PENTINGKAN PENCAPAIAN,https://www.youtube.com/watch?v=XHfEK6ap4FY,2026-07-31 12:00,1600,0,0,BM,VIDEO,1967,True
Sinar Harian,Negeri Sembilan State Election: Zahid accompanies Mohamad to Dewan Seri Rembau,https://www.youtube.com/watch?v=XJJPD-6yp-E,2026-07-17 12:00,0,127,0,EN,SHORT,60,True
Sinar Harian,PRN Negeri Sembilan: Tok Min selesai mengundi,https://www.youtube.com/watch?v=XL-VSMyaLx4,2026-07-31 12:00,0,165,0,BM,SHORT,60,True
Sinar Harian,Early State Election Voting: Aminuddin praises commitment of police officers and personnel in ful...,https://www.youtube.com/watch?v=YIjzvMPm3f0,2026-07-27 12:00,0,94,0,EN,SHORT,60,True
Sinar Harian,PAS President and PN leaders attend the Negeri Sembilan PAS Complex,https://www.youtube.com/watch?v=_ErJ2cuYiHE,2026-08-01 12:00,0,820,0,EN,SHORT,60,True
Sinar Harian,SPR umum BN-PN secara rasmi menang PRN Negeri Sembilan,https://www.youtube.com/watch?v=a_AliW9uyo0,2026-08-01 12:00,0,344,0,BM,SHORT,60,True
Sinar Harian,PRN Negeri Sembilan: Tok Mat harap peratusan keluar mengundi capai 70 peratus,https://www.youtube.com/watch?v=cEHNQTnuPCI,2026-07-31 12:00,0,235,0,BM,SHORT,60,True
Sinar Harian,Negeri Sembilan State Election: Bersatu candidate arrives at Dewan Seri Rembau,https://www.youtube.com/watch?v=f1pNKaaEu4w,2026-07-17 12:00,0,75,0,EN,SHORT,60,True
Sinar Harian,"PRN Negeri Sembilan: Ahmad Zahid mohon tentera, polis sokong calon BN",https://www.youtube.com/watch?v=lktypmUp2-w,2026-07-27 12:00,0,534,0,BM,SHORT,60,True
Sinar Harian,Negeri Sembilan State Election: Takbir chants echo in the grounds of Dewan Seri Rembau,https://www.youtube.com/watch?v=mRc1Lry779M,2026-07-17 12:00,0,116,0,EN,SHORT,60,True
Sinar Harian,PRN Negeri Sembilan: 'Lautan' penyokong PH berarak ke Auditorium Kompleks Pentadbiran,https://www.youtube.com/watch?v=nCy33Qa67nY,2026-07-17 12:00,0,237,0,BM,SHORT,60,True
Sinar Harian,Bersatu bentuk gabungan baharu lebih hebat selepas PRN Negeri Sembilan - Muhyiddin,https://www.youtube.com/watch?v=r-b2_5INU6I,2026-07-17 12:00,0,13,0,BM,SHORT,60,True
Sinar Harian,PRN Negeri Sembilan: Paluan gendang penyokong BN meriahkan hari penamaan calon di Rembau,https://www.youtube.com/watch?v=sNyR94HLPfI,2026-07-17 12:00,0,198,0,BM,SHORT,60,True
Sinar Harian,Negeri Sembilan isytihar cuti peristiwa esok,https://www.youtube.com/watch?v=uwct8pSL5Co,2026-08-01 12:00,0,466,0,BM,SHORT,60,True
Sinar Harian,Negeri Sembilan State Election: Atmosphere at the BN Command Centre,https://www.youtube.com/watch?v=v9OcQhyyaAU,2026-08-01 12:00,0,183,0,EN,SHORT,60,True
Sinar Harian,PRN Negeri Sembilan: Tok Mat tiba di pusat mengundi,https://www.youtube.com/watch?v=xpXAAFc3O5U,2026-07-31 12:00,0,145,0,BM,SHORT,60,True
Sinar Harian,464 borang pencalonan dibeli bagi PRN Negeri Sembilan,https://www.youtube.com/watch?v=xs5CiWOJEnI,2026-07-17 12:00,0,37,0,BM,SHORT,60,True
Sinar Harian,"#ICYMI PRN Negeri Sembilan: PN tawar manifesto tambahan, pelengkap komitmen bersama BN",https://www.youtube.com/watch?v=zE_J4cJFJK4,2026-07-26 12:00,0,18,0,BM,SHORT,60,True
Sin Chew (Pocketimes),森州州选｜商人刁健城助选 称其他阵营是狗,https://www.youtube.com/watch?v=-1doOku1tlI,2026-07-17 12:00,0,75,0,CN,SHORT,60,True
Sin Chew (Pocketimes),森州州选｜陆兆福：谢谢魏总“放水” 行动党议席绝不让步,https://www.youtube.com/watch?v=0CHRYRgVzYM,2026-07-19 12:00,0,220,0,CN,SHORT,60,True
Sin Chew (Pocketimes),森州州选｜哈迪与巫统总秘书 助阵国盟国阵候选人,https://www.youtube.com/watch?v=0RF3wJEqgWk,2026-07-17 12:00,0,29,0,CN,SHORT,60,True
Sin Chew (Pocketimes),森州州选｜5候选人宗教讲师资格被暂停 森州严端下的令,https://www.youtube.com/watch?v=0zRbJNm8fDM,2026-07-22 12:00,0,588,0,CN,SHORT,60,True
Sin Chew (Pocketimes),森州州选｜国阵国盟策略有优势？王建民：陆兆福陷苦战,https://www.youtube.com/watch?v=1PJx-gJltF8,2026-07-22 12:00,0,107,0,CN,SHORT,60,True
Sin Chew (Pocketimes),森州州选｜希盟放眼赢22席！阿米鲁丁：非空谈,https://www.youtube.com/watch?v=2nHarxBEqlc,2026-07-31 12:00,0,183,0,CN,SHORT,60,True
Sin Chew (Pocketimes),森州州选｜各地支持者聚集 为候选人助阵,https://www.youtube.com/watch?v=2otoEUBnY2M,2026-07-17 12:00,2200,33,0,CN,SHORT,45,True
Sin Chew (Pocketimes),森州州选｜芙蓉国会提名中心外 国盟土团支持者互呛,https://www.youtube.com/watch?v=45tW3gY1kKY,2026-07-17 12:00,0,132,0,CN,SHORT,60,True
Sin Chew (Pocketimes),森州州选｜开票夜 巫统行动中心现况,https://www.youtube.com/watch?v=57XJRPck4iU,2026-08-01 12:00,0,17,0,CN,SHORT,60,True
Sin Chew (Pocketimes),森州州选｜州选提名日造势 有舞狮助阵、大旗立威,https://www.youtube.com/watch?v=5gaZT66CbCE,2026-07-17 12:00,0,49,0,CN,SHORT,60,True
Sin Chew (Pocketimes),森州州选｜森竞选最后一天 安华吁选后重归于好,https://www.youtube.com/watch?v=5nyWetpGx-s,2026-07-31 12:00,0,315,0,CN,SHORT,60,True
Sin Chew (Pocketimes),森州选举 | 投票日突发火患 芦骨选民暂停投票 急返家查看灾情,https://www.youtube.com/watch?v=6PTbepo_Av0,2026-07-31 12:00,24000,180,0,CN,VIDEO,67,True
Sin Chew (Pocketimes),森州州选｜国盟国阵合作搞大团结 卡立：须为行善非恶毒,https://www.youtube.com/watch?v=6TVdgEKlRCU,2026-07-23 12:00,0,139,0,CN,SHORT,60,True
Sin Chew (Pocketimes),森州州选｜巫统的“森选大局”？蓝卡巴星：他们要重掌联邦,https://www.youtube.com/watch?v=6Y_4qCQY6_A,2026-07-19 12:00,7100,108,0,CN,VIDEO,158,True
Sin Chew (Pocketimes),森州选举提名日 真纳现红潮 林冠英、末沙布等人助阵陆兆福,https://www.youtube.com/watch?v=8T-HsbonyZg,2026-07-17 12:00,0,273,0,CN,SHORT,60,True
Sin Chew (Pocketimes),森州州选｜提名时间未到 各阵营总动员声势浩大,https://www.youtube.com/watch?v=8UUIpR4BcdU,2026-07-17 12:00,11000,119,0,CN,VIDEO,115,True
Sin Chew (Pocketimes),森州选举MUDA不参战 留票支持PSM与原住民党,https://www.youtube.com/watch?v=A__2GXu5OPg,2026-07-16 12:00,0,94,0,CN,SHORT,60,True
Sin Chew (Pocketimes),森州州选｜被巫统点名为“森大臣人选” 陆兆福搬宪法驳斥,https://www.youtube.com/watch?v=AuIDrrjCpKs,2026-07-24 12:00,0,122,0,CN,SHORT,60,True
Sin Chew (Pocketimes),森州州选｜“节日议员”成话题 陆兆福萧康骏过招,https://www.youtube.com/watch?v=BarfplT4WMU,2026-07-22 12:00,0,164,0,CN,SHORT,60,True
Sin Chew (Pocketimes),森州州选｜马华6席对垒行动党 颜炳寿：难言胜负,https://www.youtube.com/watch?v=EwCoTraPrDc,2026-08-01 12:00,3500,43,0,CN,VIDEO,117,True
Sin Chew (Pocketimes),森州选举 | 堂兄弟同区对决 前蓝眼领袖披伊党战袍成看点,https://www.youtube.com/watch?v=FCcXds_yGOU,2026-07-17 12:00,2900,51,0,CN,VIDEO,198,True
Sin Chew (Pocketimes),森州选举 | 罗白、万茂、芦骨让给国盟上阵 魏家祥解释马华取舍,https://www.youtube.com/watch?v=FYSbyO_39k0,2026-07-18 12:00,5300,82,0,CN,VIDEO,208,True
Sin Chew (Pocketimes),森州州选｜“我不曾对抗华印裔” 阿克马：是对抗火箭与希盟,https://www.youtube.com/watch?v=GPwrLguFWiI,2026-07-27 12:00,0,106,0,CN,SHORT,60,True
Sin Chew (Pocketimes),森州州选｜国阵国盟非联盟 是“井水不犯河水”,https://www.youtube.com/watch?v=HbCt-uW7HkM,2026-08-01 12:00,2100,38,0,CN,VIDEO,186,True
Sin Chew (Pocketimes),马华破蛋、民政吃蛋  森州议会现“2无现象”,https://www.youtube.com/watch?v=HhHQoh1ga54,2026-08-01 12:00,0,432,0,CN,SHORT,60,True
Sin Chew (Pocketimes),森州州选｜朝圣基金局RCI 阿克马率先跳出来质疑,https://www.youtube.com/watch?v=ILjUh0gGXDc,2026-07-30 12:00,0,302,0,CN,SHORT,60,True
Sin Chew (Pocketimes),森州州选｜希盟基本盘会崩盘？黄进发解析森州选,https://www.youtube.com/watch?v=JK5rzIV6qbk,2026-07-30 12:00,0,150,0,CN,SHORT,60,True
Sin Chew (Pocketimes),森州州选｜有别声势浩大 社会主义党静态助选,https://www.youtube.com/watch?v=JfSIavt5H54,2026-07-17 12:00,0,49,0,CN,SHORT,60,True
Sin Chew (Pocketimes),森州州选｜安华下最后通牒：攻击盟党即辞职,https://www.youtube.com/watch?v=KFwRyd9TpOM,2026-07-19 12:00,0,832,0,CN,SHORT,60,True
Sin Chew (Pocketimes),森州州选｜王建民震撼预测 希盟仅保住13席,https://www.youtube.com/watch?v=L_h5SFJOF5E,2026-07-27 12:00,0,159,0,CN,SHORT,60,True
Sin Chew (Pocketimes),森州州选｜国盟+国阵 25席强势拿下森州,https://www.youtube.com/watch?v=M11DAkQ4zUo,2026-08-01 12:00,0,101,0,CN,SHORT,60,True
Sin Chew (Pocketimes),森州州选｜“马来土地论”风波 卜艾看不过眼促沙努西道歉,https://www.youtube.com/watch?v=PZxefgEQvaY,2026-07-28 12:00,0,211,0,CN,SHORT,60,True
Sin Chew (Pocketimes),“改变不了中央政权” 魏家祥：非通过森州选推翻任何人,https://www.youtube.com/watch?v=QApHwD1e-TQ,2026-07-31 12:00,0,138,0,CN,SHORT,60,True
Sin Chew (Pocketimes),森州选举 | 真纳攻防升级 扎希喊“打包” 陆兆福呛“别傲慢”,https://www.youtube.com/watch?v=QVAMitj8po4,2026-07-25 12:00,2300,43,0,CN,VIDEO,197,True
Sin Chew (Pocketimes),森州30候选人保不住按柜金 土团24人仅1人保得住,https://www.youtube.com/watch?v=SiMZx0htiTY,2026-08-02 12:00,0,181,0,CN,SHORT,60,True
Sin Chew (Pocketimes),【百格大事纪】森州选土团上阵24席 与伊党同盟“相煎” 慕尤丁预告政治板块大挪移？ | 17.7.2026,https://www.youtube.com/watch?v=TiYyWH2lDlM,2026-07-17 12:00,32000,686,0,CN,VIDEO,590,True
Sin Chew (Pocketimes),森州州选｜杨巧双带头玩“沉船梗” 伊党YB也回敬,https://www.youtube.com/watch?v=To6F5Ceq8HI,2026-07-24 12:00,0,439,0,CN,SHORT,60,True
Sin Chew (Pocketimes),森州州选｜ILHAM智库预测森州变天？希盟仅9安全席,https://www.youtube.com/watch?v=UCbCWA2inSE,2026-07-31 12:00,0,109,0,CN,SHORT,60,True
Sin Chew (Pocketimes),决战森州36席完整官方成绩 细看国阵希盟国盟输赢,https://www.youtube.com/watch?v=UiiNDJVCpKA,2026-08-01 12:00,4300,62,0,CN,VIDEO,195,True
Sin Chew (Pocketimes),森州州选｜喊冤“集中选票没错” 魏家祥：我们出卖了什么?,https://www.youtube.com/watch?v=UkvUg34hIYs,2026-07-24 12:00,0,97,0,CN,SHORT,60,True
Sin Chew (Pocketimes),土团、伊党相煎 森州选8席同盟对决,https://www.youtube.com/watch?v=VIusGx6RFRc,2026-07-17 12:00,0,67,0,CN,SHORT,60,True
Sin Chew (Pocketimes),“森州州选只是开始” 刘华才：国盟放眼拿下甲州、重返布,https://www.youtube.com/watch?v=Vz6bky4_FB8,2026-07-17 12:00,2300,40,0,CN,VIDEO,232,True
Sin Chew (Pocketimes),森州州选｜是否后悔上阵宁宜选区？阿敏努丁这样回答,https://www.youtube.com/watch?v=Wexe6hsuPIs,2026-08-01 12:00,0,148,0,CN,SHORT,60,True
Sin Chew (Pocketimes),森州投票日后 雪州或迎来补选,https://www.youtube.com/watch?v=XiHeD-ojIaA,2026-07-30 12:00,0,151,0,CN,SHORT,60,True
Sin Chew (Pocketimes),森州州选｜“反转猪肚就是屎” 陈丽群炮轰巫统扭曲事实,https://www.youtube.com/watch?v=Xp1UWxYwFhY,2026-07-19 12:00,0,208,0,CN,SHORT,60,True
Sin Chew (Pocketimes),森州选国阵不上阵全部议席 陆兆福早有预料,https://www.youtube.com/watch?v=YOJxoYAmzG0,2026-07-16 12:00,0,534,0,CN,SHORT,60,True
Sin Chew (Pocketimes),森州选举 | 否认“引清兵入关” 魏家祥点名林冠英 搬火箭、伊党旧事,https://www.youtube.com/watch?v=YPTzgPXpDao,2026-07-18 12:00,0,194,0,CN,SHORT,60,True
Sin Chew (Pocketimes),森州州选｜马华让出3传统华裔区 伊党上阵有隐藏意义？,https://www.youtube.com/watch?v=Zae6VN3TWw0,2026-07-18 12:00,3900,77,0,CN,VIDEO,324,True
Sin Chew (Pocketimes),森州州选｜张庆信低调到森州 为希盟助选？,https://www.youtube.com/watch?v=bGfVS97V69w,2026-07-29 12:00,0,479,0,CN,SHORT,60,True
Sin Chew (Pocketimes),森州州选｜对手盘算马来票都投国阵？陆兆福：会证明马华错了,https://www.youtube.com/watch?v=cM1qJGZSZKU,2026-07-19 12:00,0,306,0,CN,SHORT,60,True
Sin Chew (Pocketimes),森州州选｜盛传土团与希盟合作？慕尤丁亲上火线澄清,https://www.youtube.com/watch?v=cuJTpaOUQno,2026-07-29 12:00,0,143,0,CN,SHORT,60,True
Sin Chew (Pocketimes),希盟败选森州州选 阿米归咎对手种族牌,https://www.youtube.com/watch?v=dTz3iiLPKiU,2026-08-02 12:00,3200,50,0,CN,VIDEO,192,True
Sin Chew (Pocketimes),森州州选｜希盟行动中心现况,https://www.youtube.com/watch?v=djhzZr7GVKM,2026-08-01 12:00,0,161,0,CN,SHORT,60,True
Sin Chew (Pocketimes),速看森州选战半场民调 选情胶著或悬峙议会？,https://www.youtube.com/watch?v=eYjAyt2ibkA,2026-07-24 12:00,0,641,0,CN,SHORT,60,True
Sin Chew (Pocketimes),森州州选｜朱湖“派钱”罗生门 国阵轰贿选 希盟反控栽赃,https://www.youtube.com/watch?v=ev08UtaCr_8,2026-07-29 12:00,0,162,0,CN,SHORT,60,True
Sin Chew (Pocketimes),【百格大事纪】森州选最大变量？凯里点出“马来票分裂”危机｜20.7.2026,https://www.youtube.com/watch?v=fcwx1_TKxss,2026-07-20 12:00,27000,620,0,CN,VIDEO,472,True
Sin Chew (Pocketimes),安华森州站台 宣布提高SARA援助金 力挺阿敏努丁续任大臣,https://www.youtube.com/watch?v=gdq8zhSx3rQ,2026-07-23 12:00,3200,82,0,CN,VIDEO,367,True
Sin Chew (Pocketimes),森州州选｜行动党无法延续全胜记录 陆兆福落马,https://www.youtube.com/watch?v=iJk0gY3L0dY,2026-08-01 12:00,0,512,0,CN,SHORT,60,True
Sin Chew (Pocketimes),格局解剖室 | 希盟18席门槛难跨？刘哲伟预测森州选情,https://www.youtube.com/watch?v=jrytngMfDbI,2026-07-29 12:00,10000,149,0,CN,VIDEO,244,True
Sin Chew (Pocketimes),森州州选｜朱湖选区有人派钱？警方已介入调查,https://www.youtube.com/watch?v=kbODmflo8No,2026-07-29 12:00,0,289,0,CN,SHORT,60,True
Sin Chew (Pocketimes),森州州选｜马华被指靠马来票胜出 黄日昇：火箭才应该检讨,https://www.youtube.com/watch?v=l-7a5VV2tYM,2026-07-28 12:00,0,84,0,CN,SHORT,60,True
Sin Chew (Pocketimes),森州选举 | 巫统守城门之役 与希盟大臣在宁宜硬碰硬,https://www.youtube.com/watch?v=m1Q-H63bhHU,2026-07-16 12:00,0,349,0,CN,SHORT,60,True
Sin Chew (Pocketimes),格局解剖室｜森州选巫伊若合作 评论：希盟可抢占道德制高点,https://www.youtube.com/watch?v=mixoqmN1I0I,2026-07-16 12:00,2400,95,0,CN,VIDEO,159,True
Sin Chew (Pocketimes),森州州选｜频传捷报 国阵场气势高昂,https://www.youtube.com/watch?v=nuK_M9BqyKk,2026-08-01 12:00,0,89,0,CN,SHORT,60,True
Sin Chew (Pocketimes),森州州选｜“极端政党骑劫宗教” 阿兹敏指的是谁？,https://www.youtube.com/watch?v=oqFL3g0hGYY,2026-07-23 12:00,0,411,0,CN,SHORT,60,True
Sin Chew (Pocketimes),国盟、国阵4声口号定情 森州选“倒希盟浪潮”成型,https://www.youtube.com/watch?v=pGA6Zt2Fy50,2026-07-16 12:00,0,69,0,CN,SHORT,60,True
Sin Chew (Pocketimes),森州州选｜森州选举败选后回应 阿敏努丁笑谈后续计划,https://www.youtube.com/watch?v=pt4KgzfwBeI,2026-08-01 12:00,0,93,0,CN,SHORT,60,True
Sin Chew (Pocketimes),森州州选｜阿克马又发视频 点名“感谢”倪可敏,https://www.youtube.com/watch?v=q8x0QJXGpmI,2026-08-01 12:00,0,178,0,CN,SHORT,60,True
Sin Chew (Pocketimes),森州州选｜森选情比柔选激烈！凯里：国阵有机会组成政府,https://www.youtube.com/watch?v=qsKy4cFvGcM,2026-07-28 12:00,0,55,0,CN,SHORT,60,True
Sin Chew (Pocketimes),森州州选｜国阵为何靠向国盟？凯里一句话点破背后算盘,https://www.youtube.com/watch?v=rmaH7a4VSe8,2026-07-20 12:00,0,126,0,CN,SHORT,60,True
Sin Chew (Pocketimes),森州选举 | 延续柔选战略 伊党：没上阵选区可投国阵,https://www.youtube.com/watch?v=sVUMVX-JqQk,2026-07-16 12:00,0,77,0,CN,SHORT,60,True
Sin Chew (Pocketimes),【百格大事纪】森州会变天？王建民预测希盟仅保13席 国盟国阵马来票或达70%？ ｜27.7.2026,https://www.youtube.com/watch?v=uGtb7kDlxAk,2026-07-27 12:00,23000,500,0,CN,VIDEO,656,True
Sin Chew (Pocketimes),大马万国小姐决赛 森州女儿摘后冠,https://www.youtube.com/watch?v=umj6FaYA1bw,2026-07-24 12:00,0,23,0,CN,SHORT,60,True
Sin Chew (Pocketimes),森州州选｜陆兆福战真纳选区算仅51%？马华萧康骏非完全处劣势？,https://www.youtube.com/watch?v=wuHcgyzJLoI,2026-07-18 12:00,2900,50,0,CN,VIDEO,239,True
Sin Chew (Pocketimes),森州州选｜希盟8123口号“变调” 让国阵国盟夺三分二,https://www.youtube.com/watch?v=y1HhPirzbkM,2026-08-01 12:00,0,178,0,CN,SHORT,60,True
Sin Chew (Pocketimes),【百格大事纪】 雪州一YB破产？森州选后就轮到雪州补选｜30.7.2026,https://www.youtube.com/watch?v=yV7SVg99_oU,2026-07-30 12:00,32000,728,0,CN,VIDEO,451,True
Sin Chew (Pocketimes),搬政绩、抛民调、轰国盟 倪可敏森州火力全开,https://www.youtube.com/watch?v=zxqSJAc0wgo,2026-07-24 12:00,4800,106,0,CN,VIDEO,211,True
Nanyang / eNanyang,依斯迈拉欣宣誓出任森州大臣,https://www.youtube.com/watch?v=0jh6qlE11_o,2026-08-01 12:00,0,16,0,CN,SHORT,60,True
Nanyang / eNanyang,【南得政经/podcast】森州选希盟守土难在哪？印裔选票或成造王者,https://www.youtube.com/watch?v=OVoKaVA6yAs,2026-07-27 12:00,10000,227,0,CN,VIDEO,909,True
Nanyang / eNanyang,【森美兰州选】陆兆福感谢魏家祥“让出”3州席,https://www.youtube.com/watch?v=tORZaCukB1Y,2026-07-18 12:00,0,13,0,CN,SHORT,60,True
Nanyang / eNanyang,【陆兆福：森州州选是我国未来的政治走向指标】,https://www.youtube.com/watch?v=upaZxLhqMbI,2026-07-24 12:00,888,12,0,CN,SHORT,60,True
Buletin TV3 (Media Prima),PRN N.SEMBILAN 2026 | Kestabilan Politik Di Negeri Sembilan Perlu Dikembalikan (BU),https://www.youtube.com/watch?v=-16YbJkjAeI,2026-07-31 12:00,1100,28,0,BM,SHORT,54,True
Buletin TV3 (Media Prima),PRN N.SEMBILAN 2026 | Kempen BN Tidak 'Usik' Rakan Dalam Kerajaan Perpaduan - Jalaluddin,https://www.youtube.com/watch?v=-LKaY5M7WEo,2026-07-19 12:00,1100,9,0,BM,VIDEO,94,True
Buletin TV3 (Media Prima),16TH NEGERI SEMBILAN ELECTION | BN Unveils Election Manifesto With 88 Action Plans (BU),https://www.youtube.com/watch?v=-LsLDtyOa_A,2026-07-24 12:00,288,2,0,BM,VIDEO,93,True
Buletin TV3 (Media Prima),PRN N.SEMBILAN 2026 | Skim Salam Sejahtera BN Bantuan Tunai Setiap Kategori Rakyat (BU),https://www.youtube.com/watch?v=-WAr2DSeT7Y,2026-07-27 12:00,456,4,0,BM,VIDEO,77,True
Buletin TV3 (Media Prima),"PRN N.SEMBILAN 2026 | BN dan PN Bentuk Kerajaan Negeri, Menang 25 Kerusi (BU)",https://www.youtube.com/watch?v=00l3pVSKmy8,2026-08-01 12:00,81000,608,0,BM,VIDEO,179,True
Buletin TV3 (Media Prima),"PRN N.SEMBILAN 2026 | Izzah Seru Pengundi Nilai Pentadbiran PH, Kekal Beri Mandat (BU)",https://www.youtube.com/watch?v=03QxyhWijjk,2026-07-31 12:00,1800,12,0,BM,VIDEO,68,True
Buletin TV3 (Media Prima),PRN N.SEMBILAN 2026 | Tok Mat Yakin Pengundi Cina Terjemah Sokongan Kepada BN,https://www.youtube.com/watch?v=05WHGnUvxXU,2026-07-29 12:00,0,53,0,BM,SHORT,60,True
Buletin TV3 (Media Prima),Keputusan Tidak Rasmi: BN Dan PN Menang Cukup Kerusi Bentuk Kerajaan Negeri Sembilan,https://www.youtube.com/watch?v=0EkrlUqHHV8,2026-08-01 12:00,0,109,0,BM,SHORT,60,True
Buletin TV3 (Media Prima),"PRN N.SEMBILAN 2026 | Tok Min Puas Hati Proses Pengundian Lancar, Terkawal",https://www.youtube.com/watch?v=0MtkSqbcE8I,2026-07-31 12:00,480,3,0,EN,SHORT,47,True
Buletin TV3 (Media Prima),"PRN N.SEMBILAN 2026 | PM Tempelak Serangan Peribadi, Fokus Tawaran Kepada Pengundi",https://www.youtube.com/watch?v=0SjYtMl3gFw,2026-07-29 12:00,0,48,0,BM,SHORT,60,True
Buletin TV3 (Media Prima),PRN NEGERI SEMBILAN 2026 | Calon PN Mahu Tubuh Jawatankuasa Bertindak DUN Sikamat (BU),https://www.youtube.com/watch?v=0dFFexSbHdg,2026-07-26 12:00,1400,11,0,BM,VIDEO,88,True
Buletin TV3 (Media Prima),"PRN N.SEMBILAN 2026 | SPR Uji Sistem OCR-VA, Langkah Awal Pendigitalan Pilihan Raya (BU)",https://www.youtube.com/watch?v=0kNk7RGqWTQ,2026-08-01 12:00,454,3,0,BM,VIDEO,101,True
Buletin TV3 (Media Prima),"PRN N.SEMBILAN 2026 | Lebih 22,000 Tentera, Polis Dan Pasangan Mengundi Awal",https://www.youtube.com/watch?v=0vTy5lt7RUc,2026-07-27 12:00,1500,10,0,BM,VIDEO,331,True
Buletin TV3 (Media Prima),16TH NEGERI SEMBILAN ELECTION | Mohamad: BN-PN Understanding For Race And Religion (BU),https://www.youtube.com/watch?v=11bZeqX9b9I,2026-07-19 12:00,493,5,0,BM,VIDEO,98,True
Buletin TV3 (Media Prima),"PRN N.SEMBILAN 2026 | BN Dahului Di 18 Kerusi, PN 4, PH 8",https://www.youtube.com/watch?v=13g09NqGK7Y,2026-08-01 12:00,29000,231,0,BM,VIDEO,256,True
Buletin TV3 (Media Prima),PRN N.SEMBILAN 2026 | Iltizam Calon Tunggal Bawa Perubahan Kepada Rakyat (BU),https://www.youtube.com/watch?v=18XSf8F8wvI,2026-07-27 12:00,826,23,0,BM,VIDEO,112,True
Buletin TV3 (Media Prima),"PRN N.SEMBILAN 2026 | Jangan Raih Kemenangan Atas Fitnah, Maklumat Tidak Benar - PM (BU)",https://www.youtube.com/watch?v=1Mqsbc2-wF4,2026-07-24 12:00,446,8,0,BM,VIDEO,82,True
Buletin TV3 (Media Prima),"PRN N.SEMBILAN 2026 | Persefahaman BN-PN Bukti Kematangan Politik, Mampu Capai Kemenangan",https://www.youtube.com/watch?v=1aEyvPVQr_M,2026-07-21 12:00,1200,7,0,EN,VIDEO,79,True
Buletin TV3 (Media Prima),PRN N.SEMBILAN 2026 | Tok Mat & Isteri Mengundi Di SJKC Chung Hua Rantau,https://www.youtube.com/watch?v=1k_TaEDo37c,2026-07-31 12:00,2400,22,0,BM,VIDEO,84,True
Buletin TV3 (Media Prima),"PRN N.SEMBILAN 2026 | 859,760 Pengundi Pilih Wakil Rakyat Di 36 DUN Hari Ini",https://www.youtube.com/watch?v=1rGp-cwM_oo,2026-07-31 12:00,6100,26,0,BM,VIDEO,383,True
Buletin TV3 (Media Prima),PRN N.SEMBILAN 2026 | Calon PH Tekad Perkasa Pembangunan Temiang,https://www.youtube.com/watch?v=1t4U_0VAZco,2026-07-26 12:00,265,5,0,BM,VIDEO,85,True
Buletin TV3 (Media Prima),"PRN N.SEMBILAN 2026 | 'Saya Tidak Kecewa, Mungkin Kad Laporan Tidak Cukup Elok' - Tok Min",https://www.youtube.com/watch?v=22Ef3YCY3q8,2026-08-01 12:00,561,6,0,BM,SHORT,52,True
Buletin TV3 (Media Prima),PRN N.SEMBILAN 2026 | Loke Pertimbang Letak Jawatan Pengerusi DAP Negeri,https://www.youtube.com/watch?v=2qduORMY4QA,2026-08-01 12:00,15000,121,0,BM,SHORT,57,True
Buletin TV3 (Media Prima),PRN NEGERI SEMBILAN | Perikatan Nasional Umum Calon 11 Kerusi,https://www.youtube.com/watch?v=2r1bO8p0wSg,2026-07-16 12:00,0,200,0,BM,SHORT,60,True
Buletin TV3 (Media Prima),PRN N.SEMBILAN 2026 | Calon BN Tekad Angkat Seri Menanti Jadi Destinasi Pelancongan,https://www.youtube.com/watch?v=345L75vm1YY,2026-07-26 12:00,320,6,0,BM,VIDEO,84,True
Buletin TV3 (Media Prima),"PRN N.SEMBILAN 2026 | PM Ucap Tahniah BN, Beri Dukungan, Kerjasama Kepada Pentadbiran Baharu",https://www.youtube.com/watch?v=39mYryqf2P4,2026-08-01 12:00,10000,65,0,BM,VIDEO,70,True
Buletin TV3 (Media Prima),PRN N.SEMBILAN 2026 | SPR Sasar Kadar Keluar Undi Awal Cecah 90%,https://www.youtube.com/watch?v=39qS-CNpSIY,2026-07-27 12:00,502,2,0,EN,VIDEO,97,True
Buletin TV3 (Media Prima),"16TH NEGERI SEMBILAN ELECTION | Early Voter Turnout At 91.06%, Above EC's Target",https://www.youtube.com/watch?v=3TJWK_N1YEc,2026-07-28 12:00,163,5,0,BM,VIDEO,67,True
Buletin TV3 (Media Prima),"PRN N.SEMBILAN 2026 | BN Lancar Manifesto 24 Julai, Tumpu Pembangunan & Kestabilan Pentadbiran",https://www.youtube.com/watch?v=3m5wEcOQnhs,2026-07-19 12:00,0,65,0,EN,SHORT,60,True
Buletin TV3 (Media Prima),PRN N.SEMBILAN | BN Pastikan Masyarakat Orang Asli Terus Maju & Bergerak Seiring (BU),https://www.youtube.com/watch?v=3tfcJ3Agmyo,2026-07-30 12:00,691,4,0,EN,VIDEO,96,True
Buletin TV3 (Media Prima),PRN N.SEMBILAN 2026 | Formula Persefahaman BN-PN Jadi Panduan Masa Depan - Tok Mat,https://www.youtube.com/watch?v=3vrdkdUaxfg,2026-08-01 12:00,2800,22,0,EN,VIDEO,65,True
Buletin TV3 (Media Prima),"PRN N.SEMBILAN 2026 | Proses Pengundian Lancar, Pemimpin Puas Hati Peratusan Tinggi (BU)",https://www.youtube.com/watch?v=3xqFWB8UP3Q,2026-08-01 12:00,729,4,0,EN,SHORT,53,True
Buletin TV3 (Media Prima),PRN N.SEMBILAN 2026 | Gesaan Ahli PAS Undi BN Bukan Kejutan - Tok Min,https://www.youtube.com/watch?v=43L5ePq7Soc,2026-07-22 12:00,583,2,0,BM,VIDEO,70,True
Buletin TV3 (Media Prima),PRN N.SEMBILAN 2026 | Tidak Adil Kekurangan Kerajaan Dijadikan Bahan Kempen - Tok Min,https://www.youtube.com/watch?v=4UNOUnIilnE,2026-07-20 12:00,1200,11,0,BM,VIDEO,91,True
Buletin TV3 (Media Prima),"PRN N.SEMBILAN 2026 | Lebih 80% Daripada 16,467 Pengundi Awal Sudah Tunai Tanggungjawab",https://www.youtube.com/watch?v=4bm023mwDeU,2026-07-27 12:00,673,7,0,BM,VIDEO,152,True
Buletin TV3 (Media Prima),16TH NEGERI SEMBILAN ELECTION | PH Manifesto Outlines 10 Key Commitments,https://www.youtube.com/watch?v=4cHtUkyxc0k,2026-07-20 12:00,553,5,0,BM,VIDEO,99,True
Buletin TV3 (Media Prima),"PRN N.SEMBILAN 2026 | Manifesto PH Diterima Baik, Pelbagai Inisiatif Sentuh Kebajikan - Fahmi (BU)",https://www.youtube.com/watch?v=4lTPSBzB4-Y,2026-07-28 12:00,347,4,0,EN,VIDEO,73,True
Buletin TV3 (Media Prima),"PRN N.SEMBILAN 2026 | Momentum Sokongan PH Kekal Kukuh, Fokus Rekod Perkhidmatan - Loke",https://www.youtube.com/watch?v=4mRTK38vnU0,2026-07-29 12:00,646,6,0,BM,VIDEO,62,True
Buletin TV3 (Media Prima),"PRN N.SEMBILAN 2026 | BN Yakin Sasaran 25,000 Rumah Mampu Milik Boleh Direalisasikan (BU)",https://www.youtube.com/watch?v=4pyaZUhpkk4,2026-07-28 12:00,551,9,0,EN,VIDEO,104,True
Buletin TV3 (Media Prima),"PRN N.SEMBILAN 2026 | BN Perjuang Nasib Semua Kaum, Jangan Bimbang Persefahaman Dengan PN",https://www.youtube.com/watch?v=57-Oi8NFE08,2026-07-29 12:00,883,9,0,BM,VIDEO,85,True
Buletin TV3 (Media Prima),"PRN N.SEMBILAN 2026 | BN Yakin Sasaran 25,000 Rumah Mampu Milik Boleh Direalisasikan",https://www.youtube.com/watch?v=5GMrBR1E-bQ,2026-07-28 12:00,0,35,0,EN,SHORT,60,True
Buletin TV3 (Media Prima),PRN N.SEMBILAN 2026 | AMK Gesa Belia Pilih Calon Berdasarkan Prestasi & Bukan Emosi (BU),https://www.youtube.com/watch?v=5U0YIQrG1gc,2026-07-28 12:00,0,5,0,BM,SHORT,60,True
Buletin TV3 (Media Prima),"PRN NEGERI SEMBILAN 2026 | PH Lancar Manifesto Esok, BN Pada Jumaat (BU)",https://www.youtube.com/watch?v=5XGBoJX-zz4,2026-07-19 12:00,361,1,0,BM,VIDEO,108,True
Buletin TV3 (Media Prima),PRN N.SEMBILAN 2026 | PTD Puas Hati Komitmen Pegawai & Anggota Tentera Tunai Tanggungjawab,https://www.youtube.com/watch?v=5YiTNTVyFrU,2026-07-27 12:00,540,4,0,EN,VIDEO,76,True
Buletin TV3 (Media Prima),16TH NEGERI SEMBILAN ELECTION | Ismail Lasim Sworn In As Menteri Besar,https://www.youtube.com/watch?v=5mogyTjTFmU,2026-08-02 12:00,384,5,0,BM,VIDEO,108,True
Buletin TV3 (Media Prima),"PRN N.SEMBILAN 2026 | Pengundi Tentukan Kemenangan, Bukan Dapatan Kajian",https://www.youtube.com/watch?v=5oZP_a39htQ,2026-07-31 12:00,4000,17,0,BM,SHORT,40,True
Buletin TV3 (Media Prima),PRN N.SEMBILAN 2026 | Pembangunan Negeri Perlu Dikembalikan Seperti Zaman BN - Tok Mat (BU),https://www.youtube.com/watch?v=5x0US_0qssY,2026-07-24 12:00,685,7,0,BM,VIDEO,83,True
Buletin TV3 (Media Prima),PRN N.SEMBILAN 2026 | Calon PH Bukit Kepayang Fokus Tarik Pengundi Muda,https://www.youtube.com/watch?v=6EB14HEq-4M,2026-07-18 12:00,716,11,0,BM,VIDEO,82,True
Buletin TV3 (Media Prima),PRN N.SEMBILAN | Tok Min Kerja 200% Pertahan Kemenangan PH (BU),https://www.youtube.com/watch?v=6EjZLmj6SNI,2026-07-23 12:00,440,7,0,EN,VIDEO,89,True
Buletin TV3 (Media Prima),PRN N.SEMBILAN | Sogok Wang Tidak Patut Berlaku Dalam Pilihan Raya - Aminuddin (BU),https://www.youtube.com/watch?v=6I3l4hflrKU,2026-07-30 12:00,1700,13,0,BM,VIDEO,69,True
Buletin TV3 (Media Prima),PRN NEGERI SEMBILAN | BN Dan PN Raih Majoriti Dua Pertiga Bentuk Kerajaan Negeri,https://www.youtube.com/watch?v=6IRKhtUoAT0,2026-08-01 12:00,1700,22,0,BM,VIDEO,100,True
Buletin TV3 (Media Prima),PRN N.SEMBILAN 2026 | Jalaluddin Optimis Jumlah Keluar Mengundi Yang Tinggi,https://www.youtube.com/watch?v=6OOayPrf27g,2026-07-31 12:00,643,5,0,BM,SHORT,43,True
Buletin TV3 (Media Prima),PRN N.SEMBILAN 2026 | Pengundi Diminta Kekalkan Momentum Sokong Calon PH - Wan Azizah (BU),https://www.youtube.com/watch?v=6Y8esbPSDB4,2026-07-24 12:00,2100,21,0,BM,VIDEO,81,True
Buletin TV3 (Media Prima),PRN N.SEMBILAN 2026 | Pengundi Dinasihat Periksa Kesahihan Kandungan Tular Di WhatsApp - Fahmi (BU),https://www.youtube.com/watch?v=6m6Z2fZ5GzM,2026-07-29 12:00,329,2,0,BM,VIDEO,96,True
Buletin TV3 (Media Prima),PRN N.SEMBILAN 2026 | 72.64% Keluar Mengundi,https://www.youtube.com/watch?v=7-FR24cYosI,2026-08-01 12:00,321,6,0,BM,SHORT,59,True
Buletin TV3 (Media Prima),PRN N.SEMBILAN 2026 | PH Tawar Peluang Ekonomi Anak Muda Bekerja Di Kampung Halaman (BU),https://www.youtube.com/watch?v=7NBnTCPBRd8,2026-07-28 12:00,259,6,0,EN,VIDEO,98,True
Buletin TV3 (Media Prima),PRN N. SEMBILAN 2026 | BN Selar Tindakan Pihak Bangkit Sentimen Berbaur Perkauman,https://www.youtube.com/watch?v=7ZdpMQLM-2c,2026-07-20 12:00,2900,19,0,EN,VIDEO,86,True
Buletin TV3 (Media Prima),PRN N.SEMBILAN 2026 | Tok Min Puji Komitmen Luar Biasa Anggota Keselamatan (BU),https://www.youtube.com/watch?v=7h26Xvy0O9I,2026-07-28 12:00,93,2,0,EN,SHORT,48,True
Buletin TV3 (Media Prima),PRN N.SEMBILAN 2026 | Situasi Terkini Di Pusat Operasi PH,https://www.youtube.com/watch?v=869BuARerLc,2026-08-01 12:00,0,101,0,BM,SHORT,60,True
Buletin TV3 (Media Prima),"PRN N.SEMBILAN 2026 | PM Tempelak Serangan Peribadi, Fokus Tawaran Kepada Pengundi (BU)",https://www.youtube.com/watch?v=87sDc_wBHi0,2026-07-29 12:00,2100,9,0,BM,VIDEO,83,True
Buletin TV3 (Media Prima),NEGERI SEMBILAN STATE ELECTION 2026 | Don't Get Trapped by Narrow Racial Narratives for Support -...,https://www.youtube.com/watch?v=8jRqU9RCpqg,2026-07-28 12:00,875,6,0,EN,VIDEO,86,True
Buletin TV3 (Media Prima),PRN N.SEMBILAN 2026 | 38 Pusat Mengundi Awal Dibuka,https://www.youtube.com/watch?v=8unMAitrYZI,2026-07-27 12:00,0,54,0,BM,SHORT,60,True
Buletin TV3 (Media Prima),"PRN N.SEMBILAN 2026 | Calon & Jentera BN Ganda Usaha, Kerja Lebih Keras Di Lapangan",https://www.youtube.com/watch?v=9AdCQTz7p14,2026-07-22 12:00,205,2,0,BM,VIDEO,65,True
Buletin TV3 (Media Prima),"PRN N.SEMBILAN 2026 | BN Lancar Manifesto 88 Usaha, 9 Teras Utama",https://www.youtube.com/watch?v=9CAb98yIYMA,2026-07-24 12:00,938,6,0,EN,VIDEO,120,True
Buletin TV3 (Media Prima),"Ismail Lasim Angkat Sumpah MB Negeri Sembilan Baharu | Buletin 1.30, 2 Ogos 2026",https://www.youtube.com/watch?v=9E9u4vbjDZU,2026-08-01 12:00,54000,275,0,BM,VIDEO,1334,True
Buletin TV3 (Media Prima),PRN N.SEMBILAN 2026 | PH Nafi Pinggir Masyarakat Melayu-Islam Di Negeri Sembilan (BU),https://www.youtube.com/watch?v=9HZUgfID17s,2026-07-23 12:00,308,6,0,BM,VIDEO,86,True
Buletin TV3 (Media Prima),"PRN N. SEMBILAN 2026 | PH Tampil Rekod Pentadbiran, Bukan Janji Kosong - Aminuddin",https://www.youtube.com/watch?v=A-I9T_CvdG4,2026-07-20 12:00,229,3,0,EN,VIDEO,88,True
Buletin TV3 (Media Prima),"PRN N.SEMBILAN 2026 | Jalaluddin, Anthony Akan Pertahan Kerusi Disandang",https://www.youtube.com/watch?v=A7c8by31ljI,2026-07-17 12:00,1100,5,0,BM,VIDEO,99,True
Buletin TV3 (Media Prima),PRN N.SEMBILAN 2026 | BN-PN Bincang Pembentukan Kerajaan Negeri,https://www.youtube.com/watch?v=ARZmDuSXusg,2026-08-01 12:00,871,7,0,BM,VIDEO,64,True
Buletin TV3 (Media Prima),"PRN N.SEMBILAN 2026 | PN Guna Manifesto BN, Kemuka 14 Tawaran Tambahan",https://www.youtube.com/watch?v=Aou09k3-Ypg,2026-07-25 12:00,344,4,0,EN,VIDEO,91,True
Buletin TV3 (Media Prima),PRN N.SEMBILAN 2026 | Kerajaan Akan Naikkan SARA Dalam Masa Terdekat - PM,https://www.youtube.com/watch?v=B4R2D6cYRwU,2026-07-22 12:00,8000,78,0,BM,VIDEO,100,True
Buletin TV3 (Media Prima),"PRN N.SEMBILAN 2026 | Manifesto BN Menyeluruh, Kembalikan Kegemilangan Negeri (BU)",https://www.youtube.com/watch?v=BDhfY6CIrC0,2026-07-25 12:00,270,4,0,BM,VIDEO,97,True
Buletin TV3 (Media Prima),PRN N.SEMBILAN 2026 | Rangka Dasar Dan Perancangan Berpaksi Kebajikan Rakyat - Tuanku Muhriz,https://www.youtube.com/watch?v=BKhPomdfURA,2026-08-01 12:00,404,4,0,BM,VIDEO,97,True
Buletin TV3 (Media Prima),PRN N.SEMBILAN 2026 | Tegur Kerajaan Perpaduan Guna Saluran Betul - Aminuddin,https://www.youtube.com/watch?v=BN3m64xWVNY,2026-07-21 12:00,982,9,0,BM,VIDEO,90,True
Buletin TV3 (Media Prima),16TH NEGERI SEMBILAN ELECTION | PM Assures Continued Federal Cooperation With New State Govt,https://www.youtube.com/watch?v=C-ApB0TY7aA,2026-08-01 12:00,832,6,0,BM,VIDEO,67,True
Buletin TV3 (Media Prima),"PRN N.SEMBILAN 2026 | Jalaluddin, Anthony Akan Pertahan Kerusi Disandang",https://www.youtube.com/watch?v=C7wzT0_6iBc,2026-07-17 12:00,0,86,0,BM,SHORT,60,True
Buletin TV3 (Media Prima),PRN N.SEMBILAN 2026 | PH Lancar Strategi 'Pecutan Terakhir' Sampai Mesej Kepada Pengundi (BU),https://www.youtube.com/watch?v=C8D2r4bmcto,2026-07-30 12:00,946,7,0,BM,VIDEO,65,True
Buletin TV3 (Media Prima),16TH NEGERI SEMBILAN ELECTION | Tok Mat Faces Straight Fight Against PH Man In Rantau,https://www.youtube.com/watch?v=CITqyfsanGI,2026-07-18 12:00,1000,8,0,BM,VIDEO,164,True
Buletin TV3 (Media Prima),"16TH NEGERI SEMBILAN ELECTION | Johari Ghani: Reject Past Provocations, Choose Capable Candidates",https://www.youtube.com/watch?v=CM6M_elTynQ,2026-07-28 12:00,491,7,0,BM,VIDEO,106,True
Buletin TV3 (Media Prima),PRN N.SEMBILAN 2026 | Keupayaan Aminuddin Jadi Fokus Kempen,https://www.youtube.com/watch?v=CVjWOpvflyw,2026-07-17 12:00,0,71,0,BM,SHORT,60,True
Buletin TV3 (Media Prima),"N.SEMBILAN 2026 ELECTION | BN Avoids Being Overconfident in Winning, Continues to Intensify Work ...",https://www.youtube.com/watch?v=CbauGYEb2Dw,2026-07-28 12:00,407,4,0,EN,VIDEO,91,True
Buletin TV3 (Media Prima),16TH NEGERI SEMBILAN ELECTION | EC Targets Voter Turnout Of 75% On Saturday,https://www.youtube.com/watch?v=CvhkfWo43qg,2026-07-28 12:00,180,3,0,BM,VIDEO,75,True
Buletin TV3 (Media Prima),2026 N.SEMBILAN STATE ELECTION | BN-PN Secure Two-Thirds Majority to Form State Government,https://www.youtube.com/watch?v=D24YGQQNtxA,2026-08-01 12:00,1600,9,0,EN,VIDEO,113,True
Buletin TV3 (Media Prima),PRN N.SEMBILAN 2026 | Keputusan Terkini Dari Pusat Operasi BN Di Wisma UMNO (BU),https://www.youtube.com/watch?v=Di7FeMBbFu0,2026-08-01 12:00,0,212,0,BM,SHORT,60,True
Buletin TV3 (Media Prima),"PRN N.SEMBILAN 2026 | BN-PN Perhebat Kempen, Sangkal Dakwaan Tidak Serasi - Zahid",https://www.youtube.com/watch?v=Dr8apRDU5iQ,2026-07-29 12:00,0,21,0,BM,SHORT,60,True
Buletin TV3 (Media Prima),PRN N.SEMBILAN 2026 | Aminuddin Harap Diberi Mandat Teruskan Kesinambungan Pentadbiran (BU),https://www.youtube.com/watch?v=E1wlQU9nA98,2026-07-31 12:00,287,7,0,EN,VIDEO,61,True
Buletin TV3 (Media Prima),PRN NEGERI SEMBILAN 2026 | Formula Kejayaan BN Di PRN Johor Jadi Rujukan Di N.Sembilan (BU),https://www.youtube.com/watch?v=EGCwItkRKn0,2026-07-19 12:00,1100,35,0,BM,VIDEO,92,True
Buletin TV3 (Media Prima),16TH NEGERI SEMBILAN ELECTION | EC Pilots OCR-VA System As First Step Towards Digitalising Elections,https://www.youtube.com/watch?v=EOqy293B-Xg,2026-08-01 12:00,235,3,0,BM,VIDEO,79,True
Buletin TV3 (Media Prima),PRN N.SEMBILAN 2026 | BN persembah tiga nama calon MB kepada Tuanku Muhriz,https://www.youtube.com/watch?v=F0K9NIJGtbA,2026-08-01 12:00,0,1100,0,BM,SHORT,60,True
Buletin TV3 (Media Prima),"PRN N.SEMBILAN 2026 | BN Tawar Kestabilan, Negeri Dijaga, Rakyat Dibela & Kemakmuran (BU)",https://www.youtube.com/watch?v=F7tLYK6RFPQ,2026-07-25 12:00,293,3,0,BM,VIDEO,137,True
Buletin TV3 (Media Prima),16TH NEGERI SEMBILAN ELECTION | BN Vows To Serve All Without Compromise,https://www.youtube.com/watch?v=FFr8Un6VJ-4,2026-08-01 12:00,366,4,0,BM,VIDEO,89,True
Buletin TV3 (Media Prima),"PRN N.SEMBILAN 2026 | Jentera BN Perhebat Kempen Di Lapangan, Kehadiran Calon Diterima Baik (BU)",https://www.youtube.com/watch?v=Fu2elF4uqHA,2026-07-24 12:00,465,9,0,BM,VIDEO,85,True
Buletin TV3 (Media Prima),PRN N.SEMBILAN | BN Kekal Strategi Mikro-Lokaliti Rumah Ke Rumah Dekati Pengundi (BU),https://www.youtube.com/watch?v=GKxcpMuxquQ,2026-07-30 12:00,647,4,0,BM,VIDEO,85,True
Buletin TV3 (Media Prima),2026 N.SEMBILAN STATE ELECTION | Don’t Get Trapped in Narrow Racial Narratives for Support - Joha...,https://www.youtube.com/watch?v=GcG3ZA1ttuY,2026-07-29 12:00,0,23,0,EN,SHORT,60,True
Buletin TV3 (Media Prima),PRN N.SEMBILAN 2026 | Rekod Kerajaan Negeri & Keupayaan MB Jadi Fokus Kempen PH - Fahmi,https://www.youtube.com/watch?v=Gg5blQ6m4sY,2026-07-17 12:00,0,121,0,BM,SHORT,60,True
Buletin TV3 (Media Prima),16TH NEGERI SEMBILAN ELECTION | PM: Do Not Go Overboard When Campaigning (BU),https://www.youtube.com/watch?v=GnHJwoCheLc,2026-07-19 12:00,350,3,0,BM,VIDEO,84,True
Buletin TV3 (Media Prima),PRN N.SEMBILAN 2026 | KDNKA Tugaskan 200 Anggota Bantu PRN N9,https://www.youtube.com/watch?v=H2tHt_OjDg4,2026-07-22 12:00,703,4,0,EN,VIDEO,118,True
Buletin TV3 (Media Prima),PRN N.SEMBILAN 2026 | Manifesto Pakatan Harapan Garis Hala Tuju Jelas Untuk Negeri Sembilan,https://www.youtube.com/watch?v=HIWu3KeyvG8,2026-07-20 12:00,660,5,0,BM,VIDEO,159,True
Buletin TV3 (Media Prima),2026 N.SEMBILAN STATE ELECTION | PM Urges Voters to Make a Wise Choice,https://www.youtube.com/watch?v=HM-F6GxyCvc,2026-07-22 12:00,1200,13,0,EN,VIDEO,104,True
Buletin TV3 (Media Prima),PRN N.SEMBILAN 2026 | Kerajaan Persekutuan Beri Dukungan Kepada Pentadbiran Baharu - PM (BU),https://www.youtube.com/watch?v=HPbHJjHMFX8,2026-08-02 12:00,816,9,0,BM,SHORT,49,True
Buletin TV3 (Media Prima),INSTITUSI ADAT NEGERI SEMBILAN | DKU Sahkan Tiga Individu Bukan Undang Luak (BU),https://www.youtube.com/watch?v=HY2MQ_GrDzg,2026-08-01 12:00,8200,35,0,BM,VIDEO,116,True
Buletin TV3 (Media Prima),PRN N.SEMBILAN 2026 | Lebih 65 Peratus Keluar Mengundi Setakat 4 Petang - SPR,https://www.youtube.com/watch?v=Hq6aKNDd5xk,2026-08-01 12:00,3000,8,0,BM,VIDEO,187,True
Buletin TV3 (Media Prima),"PRN N.SEMBILAN 2026 | Persefahaman BN-PN Bukti Kematangan Politik, Mampu Capai Kemenangan",https://www.youtube.com/watch?v=Hr72BohyFXs,2026-07-21 12:00,0,88,0,EN,SHORT,60,True
Buletin TV3 (Media Prima),PRN NEGERI SEMBILAN 2026 | Pengundi Chennah Pilih Wakil Rakyat Mudah Didekati - Calon BN (BU),https://www.youtube.com/watch?v=Hyay3PiPMiU,2026-07-19 12:00,632,5,0,BM,VIDEO,88,True
Buletin TV3 (Media Prima),"PRN N.SEMBILAN 2026 | Jangan Main Sentimen Politik Murahan, Fitnah BN - Asyraf",https://www.youtube.com/watch?v=I4sicGNhxOI,2026-07-22 12:00,833,8,0,EN,VIDEO,80,True
Buletin TV3 (Media Prima),"PRN N.SEMBILAN 2026 | PH Tekad Perkasa Golongan Wanita, Nilai Prestasi Bukan Persepsi (BU)",https://www.youtube.com/watch?v=I8Rof9fXOnk,2026-07-29 12:00,391,3,0,EN,VIDEO,89,True
Buletin TV3 (Media Prima),PRN N.SEMBILAN 2026 | Tegur Kerajaan Perpaduan Guna Saluran Betul - Aminuddin,https://www.youtube.com/watch?v=IB-TBCV060Y,2026-07-22 12:00,207,3,0,BM,VIDEO,79,True
Buletin TV3 (Media Prima),PRN N.SEMBILAN 2026 | Perubahan Ketara Landskap Politik Negeri Sembilan - Penganalisis (BU),https://www.youtube.com/watch?v=IKv908lHKis,2026-08-02 12:00,3600,20,0,BM,VIDEO,167,True
Buletin TV3 (Media Prima),"PRN N.SEMBILAN 2026 | Manifesto PH Diterima Baik, Pelbagai Inisiatif Sentuh Kebajikan - Fahmi (BU)",https://www.youtube.com/watch?v=IwFMiv0XDT8,2026-07-28 12:00,0,8,0,EN,SHORT,60,True
Buletin TV3 (Media Prima),PRN N.SEMBILAN 2026 | Pengundi Bijak Menilai Manifesto & Rekod Pencapaian - Johari Ghani (BU),https://www.youtube.com/watch?v=J2_SZcTtltA,2026-07-25 12:00,846,4,0,BM,VIDEO,70,True
Buletin TV3 (Media Prima),PRN N.SEMBILAN 2026 | Situasi Terkini Di Pusat Operasi PH,https://www.youtube.com/watch?v=JK9WaLShbXA,2026-08-01 12:00,6400,25,0,BM,VIDEO,96,True
Buletin TV3 (Media Prima),PRN N.SEMBILAN | Calon BN Angkat Agenda Pendidikan & Kebajikan Di Lenggeng (BU),https://www.youtube.com/watch?v=JV8d6UuFNp8,2026-07-23 12:00,539,8,0,BM,VIDEO,85,True
Buletin TV3 (Media Prima),PRN N.SEMBILAN 2026 | Tok Min Bidas Kempen Keterlaluan Sentuh Sensitiviti Perkauman,https://www.youtube.com/watch?v=JVRX4eY_dsw,2026-07-26 12:00,576,4,0,BM,VIDEO,83,True
Buletin TV3 (Media Prima),DARJAH KEBESARAN | Yang di-Pertuan Besar Negeri Sembilan Tarik Balik Darjah Kebesaran Rais Yatim,https://www.youtube.com/watch?v=JW6Dtr0R2R8,2026-07-29 12:00,2300,27,0,BM,SHORT,60,True
Buletin TV3 (Media Prima),PRN N.SEMBILAN 2026 | BN Lancar Manifesto 24 Julai,https://www.youtube.com/watch?v=JbA4ZXOLfOI,2026-07-20 12:00,404,1,0,EN,VIDEO,74,True
Buletin TV3 (Media Prima),PRN N.SEMBILAN 2026 | Keputusan Dijangka Seawal Jam 10 Malam - SPR (BU),https://www.youtube.com/watch?v=JeHQ-59ccJc,2026-07-31 12:00,4000,19,0,BM,VIDEO,91,True
Buletin TV3 (Media Prima),PRN N.SEMBILAN 2026 | Terima Kasih Aminuddin Harun Atas Sumbangan & Bakti - MB,https://www.youtube.com/watch?v=JkfahjgacFo,2026-08-01 12:00,1400,18,0,EN,SHORT,50,True
Buletin TV3 (Media Prima),"PRN NEGERI SEMBILAN | 318 Anggota, Pegawai polis Johor Bantu Kelancaran Hari Mengundi",https://www.youtube.com/watch?v=KY66YKhXOwA,2026-07-30 12:00,0,261,0,BM,SHORT,60,True
Buletin TV3 (Media Prima),PRN N.SEMBILAN 2026 | Beberapa peti undi pos tiba di pusat penjumlahan undi,https://www.youtube.com/watch?v=KYxuExlhmJk,2026-08-01 12:00,0,126,0,BM,SHORT,60,True
Buletin TV3 (Media Prima),NEGERI SEMBILAN STATE ELECTION 2026 | BERSATU Won’t Affect BN & PN’s Chances of Winning - Jalaluddin,https://www.youtube.com/watch?v=KiEq_fcAhLw,2026-07-22 12:00,0,113,0,EN,SHORT,60,True
Buletin TV3 (Media Prima),PRN N.SEMBILAN 2026 | BN Terus Bela Masyarakat Pelbagai Kaum - Asyraf (BU),https://www.youtube.com/watch?v=KjdgGoESMds,2026-07-24 12:00,347,6,0,EN,VIDEO,87,True
Buletin TV3 (Media Prima),"PRN N.SEMBILAN 2026 | 92 Laporan Polis Diterima, 24 Kertas Siasatan Dibuka",https://www.youtube.com/watch?v=KnJ-xtvqZh8,2026-07-31 12:00,830,3,0,EN,VIDEO,75,True
Buletin TV3 (Media Prima),PRN N.SEMBILAN 2026 | Rombongan Ahmad Zahid dipercayai menghadap Tuanku Muhriz,https://www.youtube.com/watch?v=KpuTABj0TuE,2026-08-01 12:00,0,486,0,EN,SHORT,60,True
Buletin TV3 (Media Prima),PRN N.SEMBILAN 2026 | Calon PH Tekad Perkasa Belia Seri Menanti Menerusi Sukan,https://www.youtube.com/watch?v=L4ayz5DNwzE,2026-07-22 12:00,604,4,0,BM,VIDEO,80,True
Buletin TV3 (Media Prima),PRN N. SEMBILAN 2026 | Proses Penamaan Calon Di Lapan Lokasi Bermula 9 Pagi,https://www.youtube.com/watch?v=M3W8EOyvqOI,2026-07-17 12:00,6300,27,0,BM,VIDEO,257,True
Buletin TV3 (Media Prima),PRN N.SEMBILAN 2026 | Nelayan Mahu Kemudahan Jeti Dinaik Taraf,https://www.youtube.com/watch?v=M4lGfODN_4s,2026-07-21 12:00,0,23,0,EN,SHORT,60,True
Buletin TV3 (Media Prima),PRN N.SEMBILAN 2026 | PH Jangan Salahkan Pihak Lain Jika Gagal Raih Sokongan Pengundi Melayu (BU),https://www.youtube.com/watch?v=M_Abdx126QE,2026-07-24 12:00,1700,10,0,BM,VIDEO,83,True
Buletin TV3 (Media Prima),"PRN N.SEMBILAN 2026 | Projek Malaysia Vision Valley Dirintis BN, Pengundi Bijak Menilai - Asyraf",https://www.youtube.com/watch?v=Mn46lwNLczo,2026-07-22 12:00,152,5,0,BM,SHORT,55,True
Buletin TV3 (Media Prima),PRN N.SEMBILAN 2026 | PH Sasar Menang 23 Kerusi Untuk Bentuk Kerajaan Negeri,https://www.youtube.com/watch?v=Mry0bmmLmpw,2026-07-20 12:00,546,6,0,BM,VIDEO,67,True
Buletin TV3 (Media Prima),16TH NEGERI SEMBILAN ELECTION | PH Offers Economic Opportunities For Youths To Work In Hometowns,https://www.youtube.com/watch?v=Mxrzf6-TH-s,2026-07-28 12:00,301,9,0,BM,VIDEO,96,True
Buletin TV3 (Media Prima),PRN N.SEMBILAN 2026 | Perumahan Generasi Kedua FELDA Fokus Calon BN Palong (BU),https://www.youtube.com/watch?v=NNxCifR8M5A,2026-07-29 12:00,303,8,0,BM,VIDEO,88,True
Buletin TV3 (Media Prima),"PRN N.SEMBILAN 2026 | Anwar Sifatkan Aminuddin Berintegriti, Sokong Kepimpinan",https://www.youtube.com/watch?v=NtS_uyyXGQM,2026-07-29 12:00,572,6,0,EN,VIDEO,80,True
Buletin TV3 (Media Prima),PRN N.SEMBILAN 2026 | Tegur Kerajaan Perpaduan Guna Saluran Betul - Aminuddin,https://www.youtube.com/watch?v=O2Dk1SxKr7w,2026-07-21 12:00,0,105,0,BM,SHORT,60,True
Buletin TV3 (Media Prima),PRN N.SEMBILAN 2026 | PM Ada Kuasa Mutlak Pecat Anggota Kabinet - Zahid,https://www.youtube.com/watch?v=O4WoMwhVKEo,2026-07-21 12:00,5100,30,0,EN,VIDEO,88,True
Buletin TV3 (Media Prima),"PRN N.SEMBILAN 2026 | Impian Calon BN Jadikan Repah Pusat Industri, Wujud Peluang Kerja Belia",https://www.youtube.com/watch?v=O8pLwY4qPzc,2026-07-22 12:00,531,4,0,BM,VIDEO,88,True
Buletin TV3 (Media Prima),"PRN N.SEMBILAN 2026 | Manifesto BERSATU Garis 9 Tunjang Utama, 76 Tawaran (BU)",https://www.youtube.com/watch?v=OG7gV_npuhI,2026-07-25 12:00,335,3,0,EN,VIDEO,76,True
Buletin TV3 (Media Prima),PRN N.SEMBILAN 2026 | MB Dakwa Tawaran BN Sudah Dilaksanakan Kerajaan Negeri (BU),https://www.youtube.com/watch?v=OGgeqJmvFWw,2026-07-25 12:00,408,2,0,BM,VIDEO,66,True
Buletin TV3 (Media Prima),PRN N.SEMBILAN 2026 | Fokus Kempen Tertumpu Kepada Tawaran Manifesto Parti Bertanding,https://www.youtube.com/watch?v=OkxHQOFtp0I,2026-07-24 12:00,1900,10,0,BM,VIDEO,215,True
Buletin TV3 (Media Prima),16TH NEGERI SEMBILAN ELECTION | Convoy Believed To Be Carrying Zahid Leaves Istana Hinggap,https://www.youtube.com/watch?v=OniqJlaZxFo,2026-08-01 12:00,587,4,0,BM,SHORT,45,True
Buletin TV3 (Media Prima),"PRN N.SEMBILAN 2026 | Jangan Terpengaruh Provokasi Isu Lama, Pilih Calon Berwibawa - Johari Ghani",https://www.youtube.com/watch?v=P5z-Oe44oJM,2026-07-28 12:00,0,46,0,BM,SHORT,60,True
Buletin TV3 (Media Prima),PRN N.SEMBILAN 2026 | Pertambahan Hasil Negeri Usaha Sama PH-BN Sebelum Ini - Jalaluddin,https://www.youtube.com/watch?v=PA2dELB1Flc,2026-07-26 12:00,247,4,0,EN,VIDEO,78,True
Buletin TV3 (Media Prima),PRN N.SEMBILAN 2026 | Rekod Kerajaan Negeri & Keupayaan MB Jadi Fokus Kempen PH - Fahmi,https://www.youtube.com/watch?v=PRFm4QlAouY,2026-07-17 12:00,663,7,0,BM,VIDEO,98,True
Buletin TV3 (Media Prima),PRN N.SEMBILAN 2026 | Anthony Loke Akur Kalah Di Chennah (BU),https://www.youtube.com/watch?v=PsfPW8Gf_J8,2026-08-01 12:00,11000,101,0,EN,VIDEO,65,True
Buletin TV3 (Media Prima),"PRN N.SEMBILAN 2026 | Usia Bukan Halangan, Pengalaman Jadi Taruhan Calon PH Di Gemencheh",https://www.youtube.com/watch?v=Q6RlVWh7o1g,2026-07-22 12:00,302,3,0,BM,VIDEO,89,True
Buletin TV3 (Media Prima),PRN N.SEMBILAN 2026 | Sebar Luas Mesej Prestasi Pentadbiran Secara Berhemah - Gobind,https://www.youtube.com/watch?v=QGgrFWg-KOQ,2026-07-19 12:00,285,4,0,EN,VIDEO,63,True
Buletin TV3 (Media Prima),PRN N.SEMBILAN 2026 | Pengalaman Misi Kemanusiaan Bantu Calon PH Chembong Fahami Keperluan Rakyat,https://www.youtube.com/watch?v=QSyMwG0kZHw,2026-07-27 12:00,388,8,0,BM,VIDEO,76,True
Buletin TV3 (Media Prima),PRN N.SEMBILAN 2026 | PH Ambil Tanggungjawab Kolektif Atas Kekalahan,https://www.youtube.com/watch?v=QVY8cXgoGR8,2026-08-01 12:00,903,9,0,EN,VIDEO,74,True
Buletin TV3 (Media Prima),PRN N.SEMBILAN 2026 | Calon BN Iltizam Perkukuh Gemencheh Jadi Hab Pendidikan (BU),https://www.youtube.com/watch?v=QbqvNG33Hb4,2026-07-31 12:00,524,2,0,BM,VIDEO,136,True
Buletin TV3 (Media Prima),PRN N.SEMBILAN 2026 | PH Yakin Mampu Beri Saingan Sengit Di Setiap Kerusi Ditandingi,https://www.youtube.com/watch?v=QogPcs77bks,2026-07-18 12:00,2000,10,0,BM,VIDEO,80,True
Buletin TV3 (Media Prima),PRN N.SEMBILAN | Tok Min Kerja 200% Pertahan Kemenangan PH,https://www.youtube.com/watch?v=QwlKsKiheSk,2026-07-23 12:00,0,55,0,EN,SHORT,60,True
Buletin TV3 (Media Prima),PRN N.SEMBILAN 2026 | Draf Manifesto BERSATU Sedang Dimuktamad (BU),https://www.youtube.com/watch?v=R3Ydg6UWzRs,2026-07-23 12:00,373,9,0,EN,VIDEO,63,True
Buletin TV3 (Media Prima),PRN N.SEMBILAN 2026 | SPR Siap Sedia Proses Penamaan Calon Esok,https://www.youtube.com/watch?v=RFyRGKzLXXo,2026-07-17 12:00,431,5,0,BM,VIDEO,85,True
Buletin TV3 (Media Prima),PRN N.SEMBILAN 2026 | Kerajaan Negeri Baharu Perlu Utamakan Kelestarian Ladang Sawit - Johari (BU),https://www.youtube.com/watch?v=RI2y_-A6QdA,2026-07-31 12:00,219,2,0,BM,VIDEO,83,True
Buletin TV3 (Media Prima),PRN N.SEMBILAN 2026 | Pusat Pengundian Ditutup,https://www.youtube.com/watch?v=RRrX6Ntm8tk,2026-08-01 12:00,0,117,0,BM,SHORT,60,True
Buletin TV3 (Media Prima),"PRN N.SEMBILAN 2026 | Wawasan Cipta Sejarah, Menang Tiga Kerusi",https://www.youtube.com/watch?v=RU23HmHdHMA,2026-08-01 12:00,4600,33,0,BM,SHORT,51,True
Buletin TV3 (Media Prima),"PRN N.SEMBILAN 2026 | BN Lancar Manifesto 24 Julai, Tumpu Pembangunan & Kestabilan Pentadbiran",https://www.youtube.com/watch?v=RpEL9BCCz_w,2026-07-18 12:00,328,4,0,EN,VIDEO,65,True
Buletin TV3 (Media Prima),PRN NEGERI SEMBILAN 2026 | Intipati Tawaran PN Diselaras Manifesto BN (BU),https://www.youtube.com/watch?v=RzeknSHbwh8,2026-07-19 12:00,4100,22,0,BM,VIDEO,66,True
Buletin TV3 (Media Prima),"PRN N.SEMBILAN 2026 | PH Yakin Kekal Tadbir, Sasar Menang Di 21-22 Kerusi (BU)",https://www.youtube.com/watch?v=SAJ5hgX7cNw,2026-07-31 12:00,1600,7,0,BM,VIDEO,67,True
Buletin TV3 (Media Prima),PRN NEGERI SEMBILAN 2026 | BN Ada Kerangka Pembangunan Jelas - Jalaluddin (BU),https://www.youtube.com/watch?v=SC9zHOKdg3w,2026-07-26 12:00,448,5,0,BM,VIDEO,79,True
Buletin TV3 (Media Prima),PRN N.SEMBILAN 2026 | Keputusan Terkini Dari Pusat Operasi BN Di Wisma UMNO (BU),https://www.youtube.com/watch?v=SZjYWwTz8VU,2026-08-01 12:00,0,200,0,BM,SHORT,60,True
Buletin TV3 (Media Prima),PRN N.SEMBILAN 2026 | Kempen Bersemuka Lebih Dekat Di Hati Calon BN Sungai Lui (BU),https://www.youtube.com/watch?v=SarUjati3Lo,2026-07-24 12:00,236,5,0,BM,VIDEO,86,True
Buletin TV3 (Media Prima),"PRN N.SEMBILAN 2026 | Tok Mat Ingatkan Penyokong Parti Hormati Bahan Kempen, Elak Sabotaj",https://www.youtube.com/watch?v=Sl2nOPg1jUY,2026-07-26 12:00,919,4,0,BM,VIDEO,98,True
Buletin TV3 (Media Prima),16TH NEGERI SEMBILAN ELECTION | Fahmi: PH To Campaign On State's Track Record,https://www.youtube.com/watch?v=T3FqmQM7ToU,2026-07-18 12:00,306,6,0,BM,VIDEO,97,True
Buletin TV3 (Media Prima),PRN N.SEMBILAN 2026 | SPR Yakin Sasaran 75% Kadar Keluar Mengundi Tercapai,https://www.youtube.com/watch?v=T7Som_XmcZQ,2026-07-31 12:00,2200,11,0,BM,VIDEO,68,True
Buletin TV3 (Media Prima),PRN N.SEMBILAN 2026 | PH Nafi Pinggir Masyarakat Melayu-Islam Di Negeri Sembilan,https://www.youtube.com/watch?v=TB-l_EUkLYc,2026-07-23 12:00,0,12,0,BM,SHORT,60,True
Buletin TV3 (Media Prima),PRN NEGERI SEMBILAN | Perikatan Nasional Umum Calon 11 Kerusi,https://www.youtube.com/watch?v=TSKcdjBWa4s,2026-07-16 12:00,2000,13,0,BM,VIDEO,81,True
Buletin TV3 (Media Prima),"PRN N.SEMBILAN 2026 | Manifesto BN Mesti Sampai Ke ""Lubuk Hati"" Rakyat - Asyraf Wajdi (BU)",https://www.youtube.com/watch?v=TaLuEsQEons,2026-07-23 12:00,287,3,0,BM,VIDEO,75,True
Buletin TV3 (Media Prima),NEGERI SEMBILAN STATE ELECTION | Police Open Investigation into Alleged Voter Bribery Case,https://www.youtube.com/watch?v=TgIWKMv-Azw,2026-07-28 12:00,0,395,0,EN,SHORT,60,True
Buletin TV3 (Media Prima),"PRN NEGERI SEMBILAN 2026 | PH Dekati Pengundi Atas Pagar, Fokus Golongan Muda (BU)",https://www.youtube.com/watch?v=U-6cwowEgzc,2026-07-26 12:00,882,8,0,BM,VIDEO,82,True
Buletin TV3 (Media Prima),"PRN N. SEMBILAN 2026 | Manifesto BN Menyeluruh, Sentuh Aspek Pentadbiran Dan Rakyat - Jalaluddin",https://www.youtube.com/watch?v=U4LTl9zMKG0,2026-07-20 12:00,0,67,0,BM,SHORT,60,True
Buletin TV3 (Media Prima),PRN N.SEMBILAN 2026 | Manifesto BN Sambung Agenda Pembangunan Negeri Tergendala - Tok Mat (BU),https://www.youtube.com/watch?v=UCcWFsSaEPQ,2026-07-25 12:00,206,3,0,BM,VIDEO,109,True
Buletin TV3 (Media Prima),NEGERI SEMBILAN STATE ELECTION 2026 | Ismail Lasim Sworn in as 9th Menteri Besar of Negeri Sembilan,https://www.youtube.com/watch?v=UKB_17lonKc,2026-08-01 12:00,4600,34,0,BM,VIDEO,99,True
Buletin TV3 (Media Prima),"PRN N.SEMBILAN 2026 | Kempen Secara Positif, Pengundi Tentukan Nasib Calon – Loke (BU)",https://www.youtube.com/watch?v=USK-wIilr0o,2026-07-25 12:00,722,4,0,BM,VIDEO,77,True
Buletin TV3 (Media Prima),NEGERI SEMBILAN STATE ELECTION 2026 | Senaling PH Candidate Focuses on Youth Job Opportunities (BU),https://www.youtube.com/watch?v=UTTpUJVR0Ck,2026-07-23 12:00,390,6,0,EN,VIDEO,80,True
Buletin TV3 (Media Prima),"PRN NEGERI SEMBILAN 2026 | Jalaluddin, Anthony Pertahan Kerusi Disandang (BU)",https://www.youtube.com/watch?v=U_ggBBiFg60,2026-07-18 12:00,1500,10,0,BM,VIDEO,96,True
Buletin TV3 (Media Prima),PRN NEGERI SEMBILAN 2026 | Calon PH Tekad Teruskan Pembangunan Pelancongan Di Klawang (BU),https://www.youtube.com/watch?v=ViBmtOo2nXo,2026-07-26 12:00,559,3,0,BM,VIDEO,79,True
Buletin TV3 (Media Prima),PRN N.SEMBILAN 2026 | Tok Min Ajak Pengundi Terus Nilai Kejayaan PH Tadbir Negeri,https://www.youtube.com/watch?v=VndIaMW363c,2026-07-29 12:00,0,34,0,BM,SHORT,60,True
Buletin TV3 (Media Prima),16TH NEGERI SEMBILAN ELECTION | Zahid: No Decision Yet On Menteri Besar Candidate,https://www.youtube.com/watch?v=Vsj78MoPyQo,2026-08-01 12:00,946,4,0,BM,VIDEO,120,True
Buletin TV3 (Media Prima),PRN N.SEMBILAN 2026 | PH Tawar Peluang Ekonomi Anak Muda Bekerja Di Kampung Halaman,https://www.youtube.com/watch?v=VtY64_9IhPw,2026-07-28 12:00,0,9,0,EN,SHORT,60,True
Buletin TV3 (Media Prima),PRN N.SEMBILAN 2026 |  PN Bakal Lancar Lampiran Pelengkap Manifesto BN,https://www.youtube.com/watch?v=W1j_tPYPMbw,2026-07-22 12:00,711,4,0,EN,VIDEO,75,True
Buletin TV3 (Media Prima),PRN N.SEMBILAN 2026 | Pengundi Muda Digesa Keluar Segera Tunai Tanggungawab,https://www.youtube.com/watch?v=WBFk_XRUyy0,2026-07-31 12:00,3000,20,0,BM,VIDEO,137,True
Buletin TV3 (Media Prima),PRN N.SEMBILAN 2026 | Sinergi Kerajaan Pusat & Negeri Pastikan Pembangunan Projek Infra Rakyat (BU),https://www.youtube.com/watch?v=WELBY3fTD8g,2026-07-28 12:00,299,4,0,BM,VIDEO,70,True
Buletin TV3 (Media Prima),PRN N.SEMBILAN 2026 | Calon PH Fokus Keperluan Asas Sungai Lui,https://www.youtube.com/watch?v=WH2-1Wv7KV0,2026-07-21 12:00,493,10,0,BM,VIDEO,81,True
Buletin TV3 (Media Prima),PRN N.SEMBILAN 2026 | Manifesto 'Kekal Harapan' Tampil 10 Komitmen Untuk Rakyat,https://www.youtube.com/watch?v=WcLsGhorUKM,2026-07-21 12:00,388,2,0,BM,VIDEO,125,True
Buletin TV3 (Media Prima),PRN N.SEMBILAN 2026 | Kebajikan Pasukan Keselamatan Terus Dibela - Anwar (BU),https://www.youtube.com/watch?v=WvxXsU-zvq0,2026-07-27 12:00,551,8,0,EN,VIDEO,63,True
Buletin TV3 (Media Prima),PRN NEGERI SEMBILAN 2026 | Jangan Putar Belit Isu Tarik Sokongan MB - Jalaluddin (BU),https://www.youtube.com/watch?v=XefY5OtczB0,2026-07-19 12:00,2100,6,0,BM,VIDEO,77,True
Buletin TV3 (Media Prima),"16TH N.SEMBILAN ELECTION | Tuanku Muhriz Reminds Assemblymen To Put State, People Before Politics",https://www.youtube.com/watch?v=YSFWQ6SSVBI,2026-08-02 12:00,437,5,0,EN,VIDEO,88,True
Buletin TV3 (Media Prima),"NEGERI SEMBILAN STATE ELECTION 2026 | BN Avoids Overconfidence, Intensifies Campaign Efforts",https://www.youtube.com/watch?v=YoLrnSSfe2A,2026-07-28 12:00,0,41,0,EN,SHORT,60,True
Buletin TV3 (Media Prima),"PRN N.SEMBILAN 2026 | Jentera BN Diseru Berkempen Secara Sihat, Matang - Johari Ghani",https://www.youtube.com/watch?v=Yy52qvbTVSA,2026-07-17 12:00,0,104,0,EN,SHORT,60,True
Buletin TV3 (Media Prima),"PRN N.SEMBILAN 2026 | Ismail Lasim Ikrar Taat Setia, Hargai Mandat Rakyat",https://www.youtube.com/watch?v=Z75c7r0-aMY,2026-08-01 12:00,368,3,0,BM,VIDEO,82,True
Buletin TV3 (Media Prima),PRN N.SEMBILAN 2026 | Polis Terima Satu Laporan Gaduh Mulut Antara Penyokong Parti,https://www.youtube.com/watch?v=Z_EE7Nc0imc,2026-07-18 12:00,1100,10,0,BM,SHORT,59,True
Buletin TV3 (Media Prima),"PRN N.SEMBILAN 2026 | BN Akan Manfaatkan Pengalaman Untuk Kebajikan Polis, Tentera - Zahid  (BU)",https://www.youtube.com/watch?v=_K5aulJjecM,2026-07-27 12:00,409,3,0,BM,SHORT,60,True
Buletin TV3 (Media Prima),PRN N.SEMBILAN 2026 | Gabungan Pelbagai Medium Kempen Bantu Tarik Pengundi - Noraini,https://www.youtube.com/watch?v=_M91eRCN8E8,2026-07-28 12:00,607,5,0,BM,VIDEO,89,True
Buletin TV3 (Media Prima),"PRN NEGERI SEMBILAN 2026 | Persefahaman BN, PN Demi Bangsa Dan Agama - Tok Mat (BU)",https://www.youtube.com/watch?v=_gnSKalnF3s,2026-07-19 12:00,2000,14,0,BM,VIDEO,86,True
Buletin TV3 (Media Prima),PRN NEGERI SEMBILAN | Polis Tahan Warga Emas Cabut Bendera,https://www.youtube.com/watch?v=_ovmt4ZqbA0,2026-07-24 12:00,0,225,0,BM,SHORT,60,True
Buletin TV3 (Media Prima),"PRN NEGERI SEMBILAN | Elak Provokasi, Isu 3R Dalam Kempen - Polis",https://www.youtube.com/watch?v=_rFAylefDjw,2026-07-16 12:00,508,9,0,BM,VIDEO,75,True
Buletin TV3 (Media Prima),"PRN N.SEMBILAN 2026 | Tok Mat Seru Pengundi Keluar Awal, Diramal Hujan Petang",https://www.youtube.com/watch?v=a3DmhWpu6DU,2026-07-31 12:00,681,8,0,BM,SHORT,45,True
Buletin TV3 (Media Prima),"PRN N.SEMBILAN 2026 | Manifesto BN Menyeluruh, Kembalikan Kegemilangan Negeri",https://www.youtube.com/watch?v=a6KaK2k59LY,2026-07-24 12:00,261,6,0,BM,VIDEO,88,True
Buletin TV3 (Media Prima),"PRN N. SEMBILAN 2026 | PH Pertaruh Rekod Pentadbiran, Bukan Janji Kosong - Aminuddin",https://www.youtube.com/watch?v=a6Xy0vOWNtU,2026-07-21 12:00,281,3,0,EN,VIDEO,111,True
Buletin TV3 (Media Prima),PRN N.SEMBILAN 2026 | Pengalaman Bekas Ahli Parlimen Jadi Taruhan Calon PH Jeram Padang (BU),https://www.youtube.com/watch?v=aCDHXUhTVRI,2026-07-25 12:00,404,4,0,BM,VIDEO,85,True
Buletin TV3 (Media Prima),PRN N.SEMBILAN 2026 | Pelantikan EXCO Akan Diputuskan Minggu Hadapan - MB (BU),https://www.youtube.com/watch?v=afWFbpw-Kx0,2026-08-02 12:00,995,9,0,BM,VIDEO,74,True
Buletin TV3 (Media Prima),PRN N.SEMBILAN 2026 | Pemuda BN & PN Komited Berjuang Untuk Semua Segmen Masyarakat (BU),https://www.youtube.com/watch?v=aq4CyCJ1-b8,2026-07-28 12:00,590,13,0,BM,VIDEO,87,True
Buletin TV3 (Media Prima),"PRN N.SEMBILAN 2026 | Jentera PH Gerak Agresif, Fokus Pengundi Atas Pagar",https://www.youtube.com/watch?v=bu4HhLMsPck,2026-07-25 12:00,739,4,0,BM,VIDEO,80,True
Buletin TV3 (Media Prima),"PRN N.SEMBILAN 2026 | Gelanggang Pentas Demokrasi Dibuka, 103 Calon Berebut 36 Kerusi (BU)",https://www.youtube.com/watch?v=bzRaWn-qTXY,2026-07-18 12:00,3300,36,0,BM,VIDEO,137,True
Buletin TV3 (Media Prima),"PRN NEGERI SEMBILAN 2026 | Tok Min Yakin Di Linggi, Strategi Kempen Dalam Kumpulan Kecil (BU)",https://www.youtube.com/watch?v=c0Emn3Rdntg,2026-07-19 12:00,834,11,0,BM,VIDEO,83,True
Buletin TV3 (Media Prima),PRN N.SEMBILAN 2026 | Anthony Loke Akur Kalah Di Chennah,https://www.youtube.com/watch?v=cN9JHqjRu_o,2026-08-01 12:00,0,215,0,EN,SHORT,60,True
Buletin TV3 (Media Prima),"PRN N.SEMBILAN 2026 | Pemuda UMNO, PAS ‘teghojah’ Linggi",https://www.youtube.com/watch?v=cXDkTPnTPR4,2026-07-26 12:00,0,1200,0,EN,SHORT,60,True
Buletin TV3 (Media Prima),PRN N.SEMBILAN 2026 | Tok Min Puji Komitmen Luar Biasa Pengundi Awal,https://www.youtube.com/watch?v=cXu6zXS2tF0,2026-07-27 12:00,501,3,0,BM,VIDEO,61,True
Buletin TV3 (Media Prima),16TH NEGERI SEMBILAN ELECTION | MB: EXCO Line-Up To Be Finalised By Friday,https://www.youtube.com/watch?v=ckcDutYu064,2026-08-02 12:00,836,7,0,BM,VIDEO,95,True
Buletin TV3 (Media Prima),PRN N.SEMBILAN 2026 | Ramalan Keputusan Jadi Pembakar Semangat Jentera PH Kerja Keras - Fahmi,https://www.youtube.com/watch?v=dDpS_8ciB0w,2026-07-28 12:00,664,4,0,BM,VIDEO,85,True
Buletin TV3 (Media Prima),16TH NEGERI SEMBILAN ELECTION | BN-PN Electoral Understanding Required To Face Political Realities,https://www.youtube.com/watch?v=dHn6U2OvsTU,2026-07-18 12:00,351,3,0,BM,VIDEO,94,True
Buletin TV3 (Media Prima),"PRN N.SEMBILAN 2026 | PH Teruskan Momentum Kempen Secara Bersemuka, Elak Isu Sensitif",https://www.youtube.com/watch?v=dLKeVPDW5Gk,2026-07-26 12:00,876,7,0,BM,VIDEO,74,True
Buletin TV3 (Media Prima),PRN N.SEMBILAN 2026 | Kesepakatan BN-PN Pastikan Semua Kerusi Menang,https://www.youtube.com/watch?v=dRCAV6Lz6Hs,2026-07-17 12:00,3400,48,0,BM,VIDEO,104,True
Buletin TV3 (Media Prima),PRN N.SEMBILAN 2026 | Saingan Hebat Dengan Jajaran Politik Baharu,https://www.youtube.com/watch?v=dnK842iAfDU,2026-07-17 12:00,1200,10,0,BM,VIDEO,193,True
Buletin TV3 (Media Prima),PRN N.SEMBILAN 2026 | Manifesto BN Fokus Agenda Pembangunan Lebih Dinamik & Kesinambungan (BU),https://www.youtube.com/watch?v=duD8lrj1-V4,2026-07-24 12:00,1600,9,0,EN,VIDEO,161,True
Buletin TV3 (Media Prima),"PRN N.SEMBILAN 2026 | Pemimpin Utama, Calon Tunai Tanggungjawab (BU)",https://www.youtube.com/watch?v=eVSSzZhSQGo,2026-08-01 12:00,755,5,0,BM,VIDEO,93,True
Buletin TV3 (Media Prima),N.SEMBILAN STATE ELECTION | Negeri Sembilan BN Women’s Wing Pledge Focuses on Three Core Pillars ...,https://www.youtube.com/watch?v=e_VsEdzlwxI,2026-07-30 12:00,490,7,0,EN,VIDEO,73,True
Buletin TV3 (Media Prima),PRN N.SEMBILAN 2026 | 91% Pengundi Awal Tunai Tanggungjawab (BU),https://www.youtube.com/watch?v=eo7IMQ_ijY8,2026-07-28 12:00,462,7,0,BM,VIDEO,86,True
Buletin TV3 (Media Prima),PRN N.SEMBILAN 2026 | Johari Iring Calon BN Di Tampin,https://www.youtube.com/watch?v=eqNysylcmjs,2026-07-17 12:00,0,173,0,BM,SHORT,60,True
Buletin TV3 (Media Prima),"PRN N.SEMBILAN 2026 | Calon Wanita Pamer Kebolehan, Bukan Penuhi Kuota",https://www.youtube.com/watch?v=eqeCc8z0y-0,2026-07-22 12:00,616,5,0,BM,VIDEO,103,True
Buletin TV3 (Media Prima),PRN N. SEMBILAN 2026 | BN Selar Tindakan Pihak Bangkit Sentimen Berbaur Perkauman,https://www.youtube.com/watch?v=etBsdlCQXNk,2026-07-21 12:00,1700,12,0,EN,VIDEO,84,True
Buletin TV3 (Media Prima),16TH NEGERI SEMBILAN ELECTION | 103 Candidates Vie For 36 Seats,https://www.youtube.com/watch?v=f0vHXBgsfnU,2026-07-18 12:00,255,3,0,BM,VIDEO,104,True
Buletin TV3 (Media Prima),PRN NEGERI SEMBILAN | 'Rundingan PN Dengan Mana-Mana Pihak Dengan Kebenaran Saya Selaku Pengerusi',https://www.youtube.com/watch?v=fKZN5lEC558,2026-07-16 12:00,1500,43,0,BM,VIDEO,82,True
Buletin TV3 (Media Prima),PRN N.SEMBILAN 2026 | PH Komited Teruskan Skim Rumah Harapan Rakyat Tanpa Faedah (BU),https://www.youtube.com/watch?v=fNeDPcaW5UA,2026-07-27 12:00,417,4,0,BM,VIDEO,101,True
Buletin TV3 (Media Prima),16TH NEGERI SEMBILAN ELECTION | BN Urged To Maintain Mature Campaign Approach,https://www.youtube.com/watch?v=fsS5Qmm9Qhw,2026-07-18 12:00,457,5,0,BM,VIDEO,92,True
Buletin TV3 (Media Prima),PRN NEGERI SEMBILAN 2026 | Persefahaman BN & PN Bentuk Jajaran Baharu Jamin Kestabilan Politik (BU),https://www.youtube.com/watch?v=fysWdylcybA,2026-07-18 12:00,2500,18,0,BM,VIDEO,91,True
Buletin TV3 (Media Prima),PRN N.SEMBILAN 2026 | 'Jangan Samakan Pengundi Johor Dengan Negeri Sembilan' - Tok Min (BU),https://www.youtube.com/watch?v=g62udB7wMC8,2026-07-24 12:00,432,4,0,BM,VIDEO,69,True
Buletin TV3 (Media Prima),PRN N.SEMBILAN 2026 | Seremban Sentral Pemangkin Baharu Pertumbuhan Ekonomi - Tok Min,https://www.youtube.com/watch?v=g8POE0p9Cig,2026-07-28 12:00,361,5,0,EN,VIDEO,68,True
Buletin TV3 (Media Prima),PRN N.SEMBILAN 2026 | Pentadbiran Aminuddin Pacu Ekonomi Memberangsangkan - Loke (BU),https://www.youtube.com/watch?v=gsMWpQ9qXZA,2026-07-27 12:00,644,3,0,EN,VIDEO,65,True
Buletin TV3 (Media Prima),"PODCAST UTAMA | ""Kita Nak Rakyat Negeri Sembilan Selesa..""",https://www.youtube.com/watch?v=gwPD2jhqNNk,2026-07-28 12:00,0,85,0,BM,SHORT,60,True
Buletin TV3 (Media Prima),"PRN NEGERI SEMBILAN 2026 | 'Fitnah Tidak Bina Rumah, Hasutan Tidak Bawa Pelaburan' - Fahmi (BU)",https://www.youtube.com/watch?v=gwsj4eoxWiM,2026-07-26 12:00,493,7,0,BM,VIDEO,87,True
Buletin TV3 (Media Prima),PRN N.SEMBILAN 2026 | Calon BN Tekad Teruskan Agenda Pembangunan Di Jeram Padang (BU),https://www.youtube.com/watch?v=h0OXYGyGWhE,2026-07-28 12:00,516,5,0,BM,VIDEO,84,True
Buletin TV3 (Media Prima),"PRN N.SEMBILAN 2026 | 103 Calon Layak Bertanding, 11 Kerusi Satu Lawan Satu",https://www.youtube.com/watch?v=h6xfcpDVkFA,2026-07-17 12:00,208,2,0,BM,VIDEO,92,True
Buletin TV3 (Media Prima),PRN N.SEMBILAN 2026 | Tok Mat Puas Hati Proses Undi Awal Berjalan Lancar,https://www.youtube.com/watch?v=hSFHXZBLd18,2026-07-27 12:00,980,4,0,BM,VIDEO,82,True
Buletin TV3 (Media Prima),"PRN N.SEMBILAN 2026 | Manifesto Setiap Parti Seimbang, Undi Atas Pagar Jadi Penentu (BU)",https://www.youtube.com/watch?v=hUHeHoKTAfU,2026-07-31 12:00,3400,24,0,BM,VIDEO,268,True
Buletin TV3 (Media Prima),PRN N.SEMBILAN 2026 | Siasat Segera Dakwaan Agih Wang Kepada Pengundi - Jalaluddin (BU),https://www.youtube.com/watch?v=hvopomrJQu0,2026-07-29 12:00,1400,9,0,BM,VIDEO,73,True
Buletin TV3 (Media Prima),PRN N.SEMBILAN 2026 | Penyokong PAS Diseru Beri Sokongan & Undi Calon BN (BU),https://www.youtube.com/watch?v=i-aAQBxIlcM,2026-07-31 12:00,265,5,0,BM,SHORT,55,True
Buletin TV3 (Media Prima),N. SEMBILAN STATE ELECTION | PH Candidate for Nilai State Seat Relies on Three-Term Service Recor...,https://www.youtube.com/watch?v=i4Aa11BTHfg,2026-07-30 12:00,530,7,0,EN,VIDEO,77,True
Buletin TV3 (Media Prima),16TH NEGERI SEMBILAN ELECTION | Police Received 92 Reports During Campaign Period,https://www.youtube.com/watch?v=iPZKxIzRSmw,2026-08-01 12:00,315,4,0,BM,VIDEO,80,True
Buletin TV3 (Media Prima),"PRN N.SEMBILAN 2026 | Jentera BN Diseru Berkempen Secara Sihat, Matang - Johari Ghani",https://www.youtube.com/watch?v=iRNqx1iARtc,2026-07-17 12:00,507,3,0,EN,VIDEO,78,True
Buletin TV3 (Media Prima),NEGERI SEMBILAN STATE ELECTION 2026 | Don't Get Trapped by Narrow Racial Narratives to Gain Suppo...,https://www.youtube.com/watch?v=iXebizlfmcs,2026-07-28 12:00,0,42,0,EN,SHORT,60,True
Buletin TV3 (Media Prima),N. SEMBILAN STATE ELECTION 2026 | BERSATU Does Not Affect BN & PN Winning Chances - Jalaluddin,https://www.youtube.com/watch?v=iezzORm4U3E,2026-07-22 12:00,685,10,0,EN,VIDEO,91,True
Buletin TV3 (Media Prima),PRN N.SEMBILAN 2026 | Siasat Segera Dakwaan Agih Wang Kepada Pengundi - Jalaluddin,https://www.youtube.com/watch?v=iiUgQYeWnL0,2026-07-29 12:00,0,115,0,BM,SHORT,60,True
Buletin TV3 (Media Prima),PRN N.SEMBILAN 2026 | Persefahaman PN-BN Perlu Dilihat Daripada Perspektif Menyeluruh,https://www.youtube.com/watch?v=jFKvE3_SM5U,2026-07-21 12:00,500,7,0,EN,VIDEO,105,True
Buletin TV3 (Media Prima),PRN N.SEMBILAN 2026 | Manifesto BN Fokus Teruskan Agenda Pembangunan Yang Tergendala (BU),https://www.youtube.com/watch?v=jFMfaKgLpdA,2026-07-23 12:00,365,3,0,BM,VIDEO,108,True
Buletin TV3 (Media Prima),PRN NEGERI SEMBILAN 2026 | Tok Min Berdepan Penyandang Kerusi Linggi Dari BN & Calon Bersatu (BU),https://www.youtube.com/watch?v=jJrb40Wg_cE,2026-07-18 12:00,946,5,0,BM,VIDEO,102,True
Buletin TV3 (Media Prima),"PRN N.SEMBILAN 2026 | Calon PH Pertaruh Rekod Tok Min, Tawar Pusat Perniagaan Di Ampangan",https://www.youtube.com/watch?v=jh3yBc6RJ5c,2026-07-20 12:00,581,9,0,BM,VIDEO,82,True
Buletin TV3 (Media Prima),"PRN N.SEMBILAN 2026 | 1,796 Polis Pantau Kelancaran Indi Awal",https://www.youtube.com/watch?v=jiQFs5aw1Dw,2026-07-27 12:00,292,7,0,EN,VIDEO,64,True
Buletin TV3 (Media Prima),PRN N.SEMBILAN 2026 | Manifesto BN Fokus Teruskan Agenda Pembangunan Yang Tergendala,https://www.youtube.com/watch?v=joPdP3aeTPA,2026-07-23 12:00,0,29,0,BM,SHORT,60,True
Buletin TV3 (Media Prima),PRN N.SEMBILAN 2026 | Kesepakatan BN-PN Pastikan Semua Kerusi Menang,https://www.youtube.com/watch?v=jq3WdckyKqk,2026-07-17 12:00,0,372,0,BM,SHORT,60,True
Buletin TV3 (Media Prima),"PRN N.SEMBILAN 2026 | PH Tolak Politik Perkauman Sempit, Terus Tawar Penyelesaian - Fahmi",https://www.youtube.com/watch?v=ju0kbtgbAT8,2026-07-25 12:00,531,7,0,EN,VIDEO,81,True
Buletin TV3 (Media Prima),PRN N.SEMBILAN 2026 | Calon PH Pertaruh Rekod Khidmat Penyelaras DUN Labu (BU),https://www.youtube.com/watch?v=k9gzdlRhNwE,2026-07-31 12:00,1700,9,0,BM,VIDEO,121,True
Buletin TV3 (Media Prima),"PRN N.SEMBILAN 2026 | Polis Terima 92 Laporan, Buka 24 Kertas Siasatan (BU)",https://www.youtube.com/watch?v=kE4A9EywH1A,2026-08-01 12:00,356,1,0,EN,VIDEO,72,True
Buletin TV3 (Media Prima),"PRN N.SEMBILAN 2026 | Calon Tempatan Pilihan Terbaik, Lebih Faham Keperluan Rakyat - Azalina (BU)",https://www.youtube.com/watch?v=lBCZKkWPnc8,2026-07-29 12:00,891,7,0,BM,VIDEO,82,True
Buletin TV3 (Media Prima),PRN N.SEMBILAN 2026 | Keyakinan Dizahir Kerajaan Negeri Mampu Mentadbir Dengan Baik (BU),https://www.youtube.com/watch?v=lFSZ8mocTOU,2026-08-02 12:00,775,11,0,BM,VIDEO,84,True
Buletin TV3 (Media Prima),Kenderaan dipercayai dinaiki Setiausaha Kerajaan Negeri Sembilan memasuki Istana Hinggap,https://www.youtube.com/watch?v=lZ8KQzFnVsI,2026-08-01 12:00,0,163,0,BM,SHORT,60,True
Buletin TV3 (Media Prima),PRN N.SEMBILAN 2026 | Ramalan Keputusan Jadi Pembakar Semangat Jentera PH Kerja Keras - Fahmi,https://www.youtube.com/watch?v=llZqw_GFDCI,2026-07-28 12:00,0,18,0,BM,SHORT,60,True
Buletin TV3 (Media Prima),"PRN N.SEMBILAN | Izzah Ajak Pengundi Buat Pilihan Bijak, Pilih Ikut Rekod & Kemampuan (BU)",https://www.youtube.com/watch?v=m8yOTV5B4dk,2026-07-30 12:00,2400,18,0,BM,VIDEO,82,True
Buletin TV3 (Media Prima),"PRN N.SEMBILAN 2026 | Tiada Sekatan Media, Liputan Calon Sama Rata - Fahmi",https://www.youtube.com/watch?v=mA78Abtwbpo,2026-07-22 12:00,180,2,0,BM,VIDEO,68,True
Buletin TV3 (Media Prima),PRN N.SEMBILAN 2026 | BN Mampu Lonjak Ekonomi & Pembangunan Lebih Dinamik - Tok Mat (BU),https://www.youtube.com/watch?v=mDXVSGCuiMU,2026-07-27 12:00,797,8,0,EN,VIDEO,107,True
Buletin TV3 (Media Prima),"PRN N.SEMBILAN 2026 | Sabotaj Media Sosial, Sogok Wang Taktik Terdesak - Zahid (BU)",https://www.youtube.com/watch?v=mFK7_fBKxkw,2026-07-30 12:00,500,3,0,EN,VIDEO,84,True
Buletin TV3 (Media Prima),"PRN N.SEMBILAN 2026 | Strategi Kempen Jentera PH Tumpu Tawaran, Bukan Serang Peribadi",https://www.youtube.com/watch?v=mGX9hlXPFKY,2026-07-19 12:00,504,3,0,BM,VIDEO,88,True
Buletin TV3 (Media Prima),"PRN NEGERI SEMBILAN 2026 | Jentera BN Diseru Berkempen Secara Sihat, Matang - Johari Ghani (BU)",https://www.youtube.com/watch?v=mQ6Pkdzc_xE,2026-07-18 12:00,2300,8,0,BM,VIDEO,93,True
Buletin TV3 (Media Prima),"PRN N.SEMBILAN 2026 | Kebajikan, Isu Banjir Di Linggi Berjaya Diselesaikan - Penyandang BN",https://www.youtube.com/watch?v=mq5gf1isQ1g,2026-07-20 12:00,291,3,0,EN,VIDEO,94,True
Buletin TV3 (Media Prima),PRN N.SEMBILAN 2026 | AMK Gesa Belia Pilih Calon Berdasarkan Prestasi & Bukan Emosi (BU),https://www.youtube.com/watch?v=mrV5hck7FfU,2026-07-28 12:00,652,7,0,BM,VIDEO,86,True
Buletin TV3 (Media Prima),PRN N.SEMBILAN 2026 | Istiadat Pelantikan MB Baharu Di Istana Besar Seri Menanti Pagi Ini,https://www.youtube.com/watch?v=nOIyG7mzI9Y,2026-08-01 12:00,14000,66,0,EN,SHORT,55,True
Buletin TV3 (Media Prima),NEGERI SEMBILAN STATE ELECTION 2026 | Sikamat PH Candidate Determined to Continue Aminuddin’s Leg...,https://www.youtube.com/watch?v=nZqQVr2WIEg,2026-07-21 12:00,681,7,0,EN,VIDEO,80,True
Buletin TV3 (Media Prima),PRN N.SEMBILAN | Tok Min Cabar BN Namakan Calon Menteri Besar (BU),https://www.youtube.com/watch?v=nr0KFWXvRpg,2026-07-25 12:00,290,5,0,BM,SHORT,53,True
Buletin TV3 (Media Prima),"PRN N. SEMBILAN 2026 | PH Tampil Rekod Pentadbiran, Bukan Janji Kosong - Aminuddin",https://www.youtube.com/watch?v=nxGzqXWQigo,2026-07-20 12:00,0,95,0,EN,SHORT,60,True
Buletin TV3 (Media Prima),"PRN N.SEMBILAN 2026 | Jangan Terpengaruh Provokasi Isu Lama, Pilih Calon Berwibawa - Johari Ghani",https://www.youtube.com/watch?v=nxUkoo_RroM,2026-07-28 12:00,1300,6,0,BM,VIDEO,97,True
Buletin TV3 (Media Prima),"PRN NEGERI SEMBILAN 2026 | Jentera PH Gerak Agresif, Fokus Pengundi Atas Pagar (BU)",https://www.youtube.com/watch?v=o3-wNErOzI4,2026-07-26 12:00,487,5,0,BM,VIDEO,79,True
Buletin TV3 (Media Prima),PRN N.SEMBILAN 2026 | BN Yakin Tawan Undi Masyarakat Cina - Asyraf,https://www.youtube.com/watch?v=o5b83xyIAos,2026-07-29 12:00,851,6,0,BM,VIDEO,66,True
Buletin TV3 (Media Prima),"PRN NEGERI SEMBILAN 2026 | Calon PH DUN Paroi Bertanding Kali Pertama, Janjikan Saingan Sengit (BU)",https://www.youtube.com/watch?v=oOd-RFhHL4w,2026-07-19 12:00,570,4,0,BM,VIDEO,77,True
Buletin TV3 (Media Prima),PRN N.SEMBILAN 2026 | Kerajaan Akan Naikkan SARA Dalam Masa Terdekat - PM,https://www.youtube.com/watch?v=oRBn9SOjNs0,2026-07-22 12:00,0,179,0,BM,SHORT,60,True
Buletin TV3 (Media Prima),PRN N.SEMBILAN 2026 | Ketua Polis Negeri Sembilan Sembah Maklum Perkembangan Proses Pengundian (BU),https://www.youtube.com/watch?v=p1y1yHfu-1Y,2026-08-01 12:00,19000,116,0,BM,VIDEO,386,True
Buletin TV3 (Media Prima),PRN NEGERI SEMBILAN 2026 | BN-PAS Saling Bantu Kempen Calon (BU),https://www.youtube.com/watch?v=p873V50EMCw,2026-07-18 12:00,2800,15,0,BM,VIDEO,84,True
Buletin TV3 (Media Prima),PRN N.SEMBILAN 2026 | Tiada Arahan Dari PM Untuk Letak Jawatan - Fahmi,https://www.youtube.com/watch?v=p9m8rm1dJ3Y,2026-07-21 12:00,1100,10,0,BM,VIDEO,70,True
Buletin TV3 (Media Prima),PRN N.SEMBILAN 2026 | Fokus Tawan Semua Kerusi DUN - Asyraf,https://www.youtube.com/watch?v=pYIMqdkk3CM,2026-07-17 12:00,0,260,0,BM,SHORT,60,True
Buletin TV3 (Media Prima),"PRN N.SEMBILAN 2026 | MCMC Terima 16 Laporan Akaun Palsu, Aduan Isu Rangkaian",https://www.youtube.com/watch?v=p_uOxdbhLbo,2026-07-25 12:00,295,4,0,EN,VIDEO,73,True
Buletin TV3 (Media Prima),"PRN N. SEMBILAN 2026 | Manifesto BN Menyeluruh, Sentuh Aspek Pentadbiran Dan Rakyat - Jalaluddin",https://www.youtube.com/watch?v=pnNu9YSLqRk,2026-07-20 12:00,893,10,0,BM,VIDEO,81,True
Buletin TV3 (Media Prima),PRN N.SEMBILAN 2026 | Pemimpin & Calon BN Berkumpul Di Wisma UMNO Negeri Sembilan (BU),https://www.youtube.com/watch?v=qC717EP9sL8,2026-08-01 12:00,38000,205,0,BM,VIDEO,179,True
Buletin TV3 (Media Prima),"PRN N.SEMBILAN 2026 | Kebajikan Orang Asli Diperkasa, Wakil Di Pejabat MB Jika BN Menang (BU)",https://www.youtube.com/watch?v=qKBaJ7O9Rr4,2026-07-31 12:00,418,7,0,EN,VIDEO,107,True
Buletin TV3 (Media Prima),N. SEMBILAN STATE ELECTION 2026 | BN Candidate Determined to Create More Young Entrepreneurs in S...,https://www.youtube.com/watch?v=qNesCPrcGqk,2026-07-27 12:00,447,8,0,EN,VIDEO,80,True
Buletin TV3 (Media Prima),PRN N.SEMBILAN 2026 | Polis Tingkat Keselamatan Pasca Pilihan Raya (BU),https://www.youtube.com/watch?v=qTuWAR7fy6Q,2026-08-01 12:00,346,3,0,BM,VIDEO,68,True
Buletin TV3 (Media Prima),PRN N.SEMBILAN 2026 | PH Yakin Mampu Beri Saingan Sengit Di Setiap Kerusi Ditandingi,https://www.youtube.com/watch?v=qxfn-wnI8sk,2026-07-19 12:00,0,101,0,BM,SHORT,60,True
Buletin TV3 (Media Prima),"PRN N.SEMBILAN 2026 | BN Pastikan Kestabilan, Negeri Dijaga, Rakyat Dibela & Kemakmuran (BU)",https://www.youtube.com/watch?v=rNNgKb76BDE,2026-07-31 12:00,408,6,0,BM,VIDEO,88,True
Buletin TV3 (Media Prima),PRN N. SEMBILAN 2026 | Beberapa Jalan Ditutup Pastikan Proses Penamaan Calon Lancar,https://www.youtube.com/watch?v=rUN-aUtSIOA,2026-07-17 12:00,684,6,0,BM,VIDEO,208,True
Buletin TV3 (Media Prima),16TH NEGERI SEMBILAN ELECTION | Amirudin: PH Still Has One More Year To GE16,https://www.youtube.com/watch?v=rWic_vV5jlk,2026-08-01 12:00,1000,7,0,BM,VIDEO,78,True
Buletin TV3 (Media Prima),"PRN N.SEMBILAN 2026 | Calon PH Seremban Jaya Tekad Perkasa TVET, Ekonomi Belia (BU)",https://www.youtube.com/watch?v=reT7yOeHDPk,2026-07-29 12:00,475,9,0,BM,VIDEO,78,True
Buletin TV3 (Media Prima),"PRN N.SEMBILAN 2026 | Dua Penggal Pentadbiran Tok Min Bawa Kemajuan, Pelaburan",https://www.youtube.com/watch?v=s8Q7JVH_G-w,2026-07-24 12:00,559,10,0,EN,VIDEO,80,True
Buletin TV3 (Media Prima),PRN N.SEMBILAN 2026 | Tok Mat Berdepan Saingan Satu Lawan Satu Di Rantau,https://www.youtube.com/watch?v=s90EFUDyZQc,2026-07-17 12:00,1200,13,0,EN,VIDEO,100,True
Buletin TV3 (Media Prima),PRN N.SEMBILAN 2026 | 18 Pusat Undi Awal Ditutup Jam 12 Tengah Hari,https://www.youtube.com/watch?v=sCm4vyckhCY,2026-07-27 12:00,368,5,0,BM,SHORT,51,True
Buletin TV3 (Media Prima),PRN N.SEMBILAN 2026 | Calon PH Juasseh Yakin Cipta Kejutan Sabtu Ini (BU),https://www.youtube.com/watch?v=sEUPQxQgDBY,2026-07-28 12:00,1900,12,0,BM,VIDEO,85,True
Buletin TV3 (Media Prima),"PRN N.SEMBILAN 2026 | Jentera BN, PN Berganding Bahu Kempen Bersama di Gugusan FELDA",https://www.youtube.com/watch?v=sN2TAdBtSKc,2026-07-22 12:00,2100,16,0,BM,VIDEO,84,True
Buletin TV3 (Media Prima),NEGERI SEMBILAN STATE ELECTION 2026 | PH Candidate Determined to Improve Development and Tourism ...,https://www.youtube.com/watch?v=sNbq64m8ZVE,2026-07-24 12:00,579,4,0,EN,VIDEO,82,True
Buletin TV3 (Media Prima),"PRN N.SEMBILAN 2026 | Tidak Perlu Guna Pendekatan Menyakitkan Hati, Burukkan Lawan - Khaled Nordin",https://www.youtube.com/watch?v=sj1HwP-ODpE,2026-07-19 12:00,2000,16,0,BM,VIDEO,85,True
Buletin TV3 (Media Prima),"PRN N.SEMBILAN 2026 | Pendekatan BN Berhemah, Tidak Serang Peribadi Lawan & Buat Provokasi",https://www.youtube.com/watch?v=skFJVp4eX4c,2026-07-20 12:00,631,3,0,BM,VIDEO,84,True
Buletin TV3 (Media Prima),"PRN N.SEMBILAN 2026 | 103 Calon Layak Bertanding, 11 Kerusi Satu Lawan Satu",https://www.youtube.com/watch?v=t5J1frTYZz8,2026-07-17 12:00,0,78,0,BM,SHORT,60,True
Buletin TV3 (Media Prima),PRN N.SEMBILAN 2026 | Kemenangan PRN Isyarat Rakyat Terima Penyatuan Ummah - Hadi Awang,https://www.youtube.com/watch?v=tGa94Detu_M,2026-08-01 12:00,754,8,0,BM,SHORT,53,True
Buletin TV3 (Media Prima),PRN N.SEMBILAN 2026 | Tok Min Ajak Pengundi Terus Nilai Kejayaan PH Tadbir Negeri (BU),https://www.youtube.com/watch?v=tiIgObLH5kU,2026-07-29 12:00,236,2,0,BM,VIDEO,96,True
Buletin TV3 (Media Prima),"PRN N.SEMBILAN 2026 | Manifesto BN Praktikal & Dinamik, Mampu Pacu Pertumbuhan Ekonomi - TPM (BU)",https://www.youtube.com/watch?v=uAFVZJBaPYo,2026-07-26 12:00,481,7,0,EN,VIDEO,97,True
Buletin TV3 (Media Prima),PRN NEGERI SEMBILAN 2026 | Manifesto BN & PN Mampu Tarik Pengundi Atas Pagar (BU),https://www.youtube.com/watch?v=uMWY0uEOerY,2026-07-26 12:00,1000,9,0,BM,VIDEO,71,True
Buletin TV3 (Media Prima),PRN N.SEMBILAN 2026 | Tiada Kenaikan Cukai Pintu Jika BN Diberi Mandat,https://www.youtube.com/watch?v=uVmshqbxz4s,2026-07-25 12:00,432,4,0,EN,VIDEO,85,True
Buletin TV3 (Media Prima),PRN NEGERI SEMBILAN 2026 | Tok Mat Berdepan Saingan Satu Lawan Satu Di Rantau (BU),https://www.youtube.com/watch?v=uWz0CIY9Gkc,2026-07-18 12:00,1300,7,0,BM,VIDEO,114,True
Buletin TV3 (Media Prima),PRN N.SEMBILAN 2026 | SPR Jangka 75% Keluar Tunai Tanggungjawab Sabtu Ini (BU),https://www.youtube.com/watch?v=uh-6E3pH9rA,2026-07-28 12:00,491,6,0,EN,VIDEO,62,True
Buletin TV3 (Media Prima),PRN N.SEMBILAN | 10 Komitmen Utama Jadi Taruhan Manifesto PH,https://www.youtube.com/watch?v=uvsTW4MFEek,2026-07-20 12:00,783,7,0,EN,VIDEO,130,True
Buletin TV3 (Media Prima),PRN N.SEMBILAN 2026 | PH Komited Realisasi Setiap Tawaran Dalam Manifesto,https://www.youtube.com/watch?v=vR0c5Vxu6so,2026-07-24 12:00,378,5,0,BM,VIDEO,68,True
Buletin TV3 (Media Prima),16TH NEGERI SEMBILAN ELECTION | Key Leaders Fulfil Voting Duties,https://www.youtube.com/watch?v=vcKYJXrhbO4,2026-08-01 12:00,352,3,0,BM,VIDEO,98,True
Buletin TV3 (Media Prima),"PRN N.SEMBILAN 2026 | SPR Uji Sistem OCR-VA, Langkah Awal Pendigitalan Pilihan Raya",https://www.youtube.com/watch?v=vwY-dIyV_dI,2026-08-01 12:00,0,62,0,BM,SHORT,60,True
Buletin TV3 (Media Prima),NEGERI SEMBILAN STATE ELECTION 2026 | State Government Record & MB Performance to be Focus of PH ...,https://www.youtube.com/watch?v=w6X0c6d88nc,2026-07-18 12:00,555,8,0,EN,VIDEO,97,True
Buletin TV3 (Media Prima),"PRN N.SEMBILAN 2026 | Berdepan Tok Mat, Calon PH Tawar Hab Industri Kecil Di Rantau",https://www.youtube.com/watch?v=wRlzFhejcZU,2026-07-25 12:00,1200,5,0,BM,VIDEO,90,True
Buletin TV3 (Media Prima),PRN N.SEMBILAN 2026 | Anggota Polis Laksana Tanggungjawab,https://www.youtube.com/watch?v=wcivxxZtqXI,2026-07-27 12:00,0,122,0,EN,SHORT,60,True
Buletin TV3 (Media Prima),N.SEMBILAN STATE ELECTION 2026 | PH Campaign Focuses on Local Issues (BU),https://www.youtube.com/watch?v=wezXsUkmtfE,2026-07-24 12:00,412,7,0,EN,VIDEO,78,True
Buletin TV3 (Media Prima),PRN N.SEMBILAN 2026 | Aminuddin Berdepan Penyandang Kerusi Linggi Dari BN & Calon Bersatu,https://www.youtube.com/watch?v=wgq-Nl4WYcA,2026-07-17 12:00,0,75,0,BM,SHORT,60,True
Buletin TV3 (Media Prima),PRN N.SEMBILAN | BN Perkasa Jaring Keamanan Sosial Demi Kelesaan Rakyat (BU),https://www.youtube.com/watch?v=xCupuEPz8Ds,2026-07-30 12:00,357,3,0,BM,VIDEO,90,True
Buletin TV3 (Media Prima),PRN NEGERI SEMBILAN 2026 | BN Sedia Terima Cadangan Tambah Nilai Manifesto Demi Rakyat (BU),https://www.youtube.com/watch?v=xG7svhkNfK0,2026-07-26 12:00,1700,7,0,BM,VIDEO,104,True
Buletin TV3 (Media Prima),"PRN N.SEMBILAN 2026 | PAS Seru Ahli Sokong, Undi BN",https://www.youtube.com/watch?v=xHdopD67VSg,2026-07-22 12:00,785,8,0,BM,VIDEO,86,True
Buletin TV3 (Media Prima),"PRN N.SEMBILAN 2026 | Ismail Kembali Wakili BN Di Juasseh, Fokus Isu Pendidikan",https://www.youtube.com/watch?v=xHjotgABZbI,2026-07-21 12:00,1400,11,0,EN,VIDEO,93,True
Buletin TV3 (Media Prima),2026 N.SEMBILAN STATE ELECTION | BN Presents Three MB Candidate Names to Tuanku Muhriz,https://www.youtube.com/watch?v=xM4vxjqOvRo,2026-08-01 12:00,3200,15,0,EN,VIDEO,85,True
Buletin TV3 (Media Prima),"PRN N.SEMBILAN 2026 | BN-PN Perhebat Kempen, Sangkal Dakwaan Tidak Serasi - Zahid (BU)",https://www.youtube.com/watch?v=xPBn58-ICI8,2026-07-29 12:00,4500,17,0,BM,VIDEO,81,True
Buletin TV3 (Media Prima),"PRN N.SEMBILAN 2026 | Manifesto BN Praktikal, Mampu Pacu Pertumbuhan Ekonomi - Zahid",https://www.youtube.com/watch?v=xRdm5w_MSJA,2026-07-25 12:00,218,5,0,EN,VIDEO,95,True
Buletin TV3 (Media Prima),"PRN N.SEMBILAN 2026 | Manifesto BN Mesti Sampai Ke ""Lubuk Hati"" Rakyat - Asyraf Wajdi",https://www.youtube.com/watch?v=xWuFqAdeeYc,2026-07-23 12:00,0,18,0,BM,SHORT,60,True
Buletin TV3 (Media Prima),2026 NEGERI SEMBILAN STATE ELECTION | Don't Get Trapped by Narrow Racial Narratives to Gain Suppo...,https://www.youtube.com/watch?v=xXlRnpJK5Bc,2026-07-29 12:00,454,3,0,EN,VIDEO,85,True
Buletin TV3 (Media Prima),"PRN N.SEMBILAN | PM Ajak Pengundi Sokong PH, Teruskan Kesinambungan Bersama Tok Min (BU)",https://www.youtube.com/watch?v=xZQTuax_Q0s,2026-07-30 12:00,633,5,0,BM,VIDEO,77,True
Buletin TV3 (Media Prima),"PRN N.SEMBILAN 2026 | Dua Beradik Tampil Berbusana Patriotik, Meriahkan Proses Pengundian (BU)",https://www.youtube.com/watch?v=xtnptSvNC1Q,2026-08-01 12:00,831,4,0,EN,VIDEO,77,True
Buletin TV3 (Media Prima),PRN N.SEMBILAN 2026 | Keputusan Terkini Dari Pusat Operasi BN Di Wisma UMNO (BU),https://www.youtube.com/watch?v=y1jN3du9_So,2026-08-01 12:00,6600,38,0,BM,VIDEO,135,True
Buletin TV3 (Media Prima),PRN N.SEMBILAN | 10 Komitmen Utama Jadi Taruhan Manifesto PH,https://www.youtube.com/watch?v=yusBJLm-fcw,2026-07-20 12:00,0,61,0,EN,SHORT,60,True
Buletin TV3 (Media Prima),"NEGERI SEMBILAN STATE ELECTION 2026 | Put Aside Differences, Go Out and Vote Tomorrow (BU)",https://www.youtube.com/watch?v=yxVLK3luB7I,2026-07-31 12:00,1200,13,0,EN,SHORT,59,True
Buletin TV3 (Media Prima),PRN NEGERI SEMBILAN 2026 | Gadai Kepercayaan Untuk Menang Tiada Dalam Kamus PKR & PH - Fuziah (BU),https://www.youtube.com/watch?v=z1CzD-7Dpw4,2026-07-18 12:00,2200,12,0,BM,VIDEO,74,True
Buletin TV3 (Media Prima),PRN N.SEMBILAN 2026 | Tok Mat Berdepan Saingan Satu Lawan Satu Di Rantau,https://www.youtube.com/watch?v=z9KVgxFv0wE,2026-07-17 12:00,0,137,0,EN,SHORT,60,True
Buletin TV3 (Media Prima),NEGERI SEMBILAN STATE ELECTION 2026 | PM Confident PH Can Defend Mandate to Continue Administrati...,https://www.youtube.com/watch?v=zIrGXdaTKTM,2026-07-31 12:00,2500,10,0,EN,VIDEO,81,True
Buletin TV3 (Media Prima),PRN N.SEMBILAN 2026 | Tiga Tekad Calon BN Pilah Berkhidmat Untuk Rakyat,https://www.youtube.com/watch?v=zUtBcJifZQo,2026-07-18 12:00,903,5,0,BM,VIDEO,77,True
Buletin TV3 (Media Prima),PRN N.SEMBILAN 2026 | Aminuddin Berdepan Penyandang Kerusi Linggi Dari BN & Calon BERSATU,https://www.youtube.com/watch?v=zX-_FZLlUsg,2026-07-17 12:00,1200,8,0,BM,VIDEO,80,True
Buletin TV3 (Media Prima),PRN N.SEMBILAN 2026 | Tok Mat Yakin Pengundi Cina Terjemah Sokongan Kepada BN (BU),https://www.youtube.com/watch?v=zjUB-ks0Wgk,2026-07-29 12:00,702,4,0,BM,VIDEO,80,True
Buletin TV3 (Media Prima),PRN NEGERI SEMBILAN 2026 | Kempen Untuk Pastikan Mesej Sampai Kepada Semua Pengundi - Tok Mat (BU),https://www.youtube.com/watch?v=zqIqDN_95qU,2026-07-19 12:00,991,6,0,BM,VIDEO,72,True
Buletin TV3 (Media Prima),PILIHAN RAYA NEGERI | Jangan Melampau Ketika Berkempen - PM (BU),https://www.youtube.com/watch?v=zvOQ-YQTKUI,2026-07-19 12:00,656,2,0,BM,VIDEO,81,True
